Item Title,Publication Title,Book Series Title,Journal Volume,Journal Issue,Item DOI,Authors,Publication Year,URL,Content Type
"Artificial Intelligence and Security","Lecture Notes in Computer Science","","","","10.1007/978-3-030-78609-0","Prof. Dr. Xingming SunProf. Xiaorui ZhangZhihua XiaProf. Dr. Elisa Bertino","2021","http://link.springer.com/book/10.1007/978-3-030-78609-0","Book"
"Just-in-time software defect prediction using deep temporal convolutional networks","Neural Computing and Applications","","","","10.1007/s00521-021-06659-3","Pasquale ArdimentoLerina AversanoMario Luca BernardiMarta CimitileMartina Iammarino","2021","http://link.springer.com/article/10.1007/s00521-021-06659-3","Article"
"Studying just-in-time defect prediction using cross-project models","Empirical Software Engineering","","21","5","10.1007/s10664-015-9400-x","Yasutaka KameiTakafumi FukushimaShane McIntoshKazuhiro YamashitaNaoyasu UbayashiAhmed E. Hassan","2016","http://link.springer.com/article/10.1007/s10664-015-9400-x","Article"
"An empirical study of ensemble techniques for software fault prediction","Applied Intelligence","","51","6","10.1007/s10489-020-01935-6","Santosh S. RathoreSandeep Kumar","2021","http://link.springer.com/article/10.1007/s10489-020-01935-6","Article"
"Dependable Software Engineering. Theories, Tools, and Applications","Lecture Notes in Computer Science","","","","10.1007/978-3-030-91265-9","Prof. Shengchao QinProf. Dr. Jim WoodcockWenhui Zhang","2021","http://link.springer.com/book/10.1007/978-3-030-91265-9","Book"
"An Empirical Study on Data Sampling for Just-in-Time Defect Prediction","Artificial Intelligence and Security","","","","10.1007/978-3-030-78612-0_5","Haitao XuRuifeng DuanShengsong YangLei Guo","2021","http://link.springer.com/chapter/10.1007/978-3-030-78612-0_5","Chapter"
"Weighted software metrics aggregation and its application to defect prediction","Empirical Software Engineering","","26","5","10.1007/s10664-021-09984-2","Maria UlanWelf LöweMorgan EricssonAnna Wingkvist","2021","http://link.springer.com/article/10.1007/s10664-021-09984-2","Article"
"Revisiting supervised and unsupervised models for effort-aware just-in-time defect prediction","Empirical Software Engineering","","24","5","10.1007/s10664-018-9661-2","Qiao HuangXin XiaDavid Lo","2019","http://link.springer.com/article/10.1007/s10664-018-9661-2","Article"
"Artificial Intelligence and Security","Lecture Notes in Computer Science","","","","10.1007/978-3-030-78612-0","Prof. Dr. Xingming SunProf. Xiaorui ZhangZhihua XiaProf. Dr. Elisa Bertino","2021","http://link.springer.com/book/10.1007/978-3-030-78612-0","Book"
"Effort-Aware Tri-Training for Semi-supervised Just-in-Time Defect Prediction","Advances in Knowledge Discovery and Data Mining","","","","10.1007/978-3-030-16145-3_23","Wenzhou ZhangWeiwei LiXiuyi Jia","2019","http://link.springer.com/chapter/10.1007/978-3-030-16145-3_23","Chapter"
"The impact of context metrics on just-in-time defect prediction","Empirical Software Engineering","","25","1","10.1007/s10664-019-09736-3","Masanari KondoDaniel M. GermanOsamu MizunoEun-Hye Choi","2020","http://link.springer.com/article/10.1007/s10664-019-09736-3","Article"
"A Cluster Based Feature Selection Method for Cross-Project Software Defect Prediction","Journal of Computer Science and Technology","","32","6","10.1007/s11390-017-1785-0","Chao NiWang-Shu LiuXiang ChenQing GuDao-Xu ChenQi-Guo Huang","2017","http://link.springer.com/article/10.1007/s11390-017-1785-0","Article"
"Types of Software Fault Prediction","Software Fault Prediction","","","","10.1007/978-981-10-8715-8_3","Sandeep KumarSantosh Singh Rathore","2018","http://link.springer.com/chapter/10.1007/978-981-10-8715-8_3","Chapter"
"Advances and Trends in Artificial Intelligence. From Theory to Practice","Lecture Notes in Computer Science","","","","10.1007/978-3-030-79463-7","Prof. Hamido FujitaAli SelamatProf. Dr. Jerry Chun-Wei LinDr. Moonis Ali","2021","http://link.springer.com/book/10.1007/978-3-030-79463-7","Book"
"Encyclopedia of GIS","","","","","10.1007/978-3-319-17885-1","Shashi ShekharHui XiongXun Zhou","2017","http://link.springer.com/referencework/10.1007/978-3-319-17885-1","ReferenceWork"
"DP-Share: Privacy-Preserving Software Defect Prediction Model Sharing Through Differential Privacy","Journal of Computer Science and Technology","","34","5","10.1007/s11390-019-1958-0","Xiang ChenDun ZhangZhan-Qi CuiQing GuXiao-Lin Ju","2019","http://link.springer.com/article/10.1007/s11390-019-1958-0","Article"
"Predicting and Monitoring Bug-Proneness at the Feature Level","Dependable Software Engineering. Theories, Tools, and Applications","","","","10.1007/978-3-030-91265-9_11","Shaozhi WeiRan MoPu XiongSiyuan ZhangYang ZhaoZengyang Li","2021","http://link.springer.com/chapter/10.1007/978-3-030-91265-9_11","Chapter"
"Product-Focused Software Process Improvement","Lecture Notes in Computer Science","","","","10.1007/978-3-030-91452-3","Luca ArditoAndreas JedlitschkaDr. Maurizio MorisioProf. Marco Torchiano","2021","http://link.springer.com/book/10.1007/978-3-030-91452-3","Book"
"Balancing the trade-off between accuracy and interpretability in software defect prediction","Empirical Software Engineering","","24","2","10.1007/s10664-018-9638-1","Toshiki MoriNaoshi Uchihira","2019","http://link.springer.com/article/10.1007/s10664-018-9638-1","Article"
"Evaluating the impact of falsely detected performance bug-inducing changes in JIT models","Empirical Software Engineering","","26","5","10.1007/s10664-021-10004-6","Sophia QuachMaxime LamotheBram AdamsYasutaka KameiWeiyi Shang","2021","http://link.springer.com/article/10.1007/s10664-021-10004-6","Article"
"On the time-based conclusion stability of cross-project defect prediction models","Empirical Software Engineering","","25","6","10.1007/s10664-020-09878-9","Abdul Ali BangashHareem SaharAbram HindleKarim Ali","2020","http://link.springer.com/article/10.1007/s10664-020-09878-9","Article"
"Combined classifier for cross-project defect prediction: an extended empirical study","Frontiers of Computer Science","","12","2","10.1007/s11704-017-6015-y","Yun ZhangDavid LoXin XiaJianling Sun","2018","http://link.springer.com/article/10.1007/s11704-017-6015-y","Article"
"Empirical Evaluation of Hunk Metrics as Bug Predictors","Software Process and Product Measurement","","","","10.1007/978-3-642-05415-0_18","Javed FerzundSyed Nadeem AhsanFranz Wotawa","2009","http://link.springer.com/chapter/10.1007/978-3-642-05415-0_18","Chapter"
"Is Bigger Data Better for Defect Prediction: Examining the Impact of Data Size on Supervised and Unsupervised Defect Prediction","Web Information Systems and Applications","","","","10.1007/978-3-030-30952-7_16","Xinyue LiuYanhui Li","2019","http://link.springer.com/chapter/10.1007/978-3-030-30952-7_16","Chapter"
"Evaluating network embedding techniques’ performances in software bug prediction","Empirical Software Engineering","","26","4","10.1007/s10664-021-09965-5","Yu QuHeng Yin","2021","http://link.springer.com/article/10.1007/s10664-021-09965-5","Article"
"Advances in Production Management Systems. Artificial Intelligence for Sustainable and Resilient Production Systems","IFIP Advances in Information and Communication Technology","","","","10.1007/978-3-030-85874-2","Alexandre DolguiProf. Alain BernardDavid LemoineGregor von CieminskiDavid Romero","2021","http://link.springer.com/book/10.1007/978-3-030-85874-2","Book"
"Defect prediction model of static code features for cross-company and cross-project software","International Journal of Information Technology","","13","2","10.1007/s41870-018-0262-5","Satwinder SinghRozy Singla","2021","http://link.springer.com/article/10.1007/s41870-018-0262-5","Article"
"Improving the Quality of Software by Quantifying the Code Change Metric and Predicting the Bugs","Computational Science and Its Applications – ICCSA 2013","","","","10.1007/978-3-642-39643-4_30","V. B. SinghK. K. Chaturvedi","2013","http://link.springer.com/chapter/10.1007/978-3-642-39643-4_30","Chapter"
"Cross Project Defect Prediction via Balanced Distribution Adaptation Based Transfer Learning","Journal of Computer Science and Technology","","34","5","10.1007/s11390-019-1959-z","Zhou XuShuai PangTao ZhangXia-Pu LuoJin LiuYu-Tian TangXiao YuLei Xue","2019","http://link.springer.com/article/10.1007/s11390-019-1959-z","Article"
"On the assessment of software defect prediction models via ROC curves","Empirical Software Engineering","","25","5","10.1007/s10664-020-09861-4","Sandro MorascaLuigi Lavazza","2020","http://link.springer.com/article/10.1007/s10664-020-09861-4","Article"
"Searching for Bellwether Developers for Cross-Personalized Defect Prediction","Product-Focused Software Process Improvement","","","","10.1007/978-3-030-91452-3_12","Sousuke AmasakiHirohisa AmanTomoyuki Yokogawa","2021","http://link.springer.com/chapter/10.1007/978-3-030-91452-3_12","Chapter"
"Does class size matter? An in-depth assessment of the effect of class size in software defect prediction","Empirical Software Engineering","","26","5","10.1007/s10664-021-09991-3","Amjed TahirKwabena E. BenninXun XiaoStephen G. MacDonell","2021","http://link.springer.com/article/10.1007/s10664-021-09991-3","Article"
"Cost-sensitive transfer kernel canonical correlation analysis for heterogeneous defect prediction","Automated Software Engineering","","25","2","10.1007/s10515-017-0220-7","Zhiqiang LiXiao-Yuan JingFei WuXiaoke ZhuBaowen XuShi Ying","2018","http://link.springer.com/article/10.1007/s10515-017-0220-7","Article"
"Studying high impact fix-inducing changes","Empirical Software Engineering","","21","2","10.1007/s10664-015-9370-z","Ayse Tosun MisirliEmad ShihabYasukata Kamei","2016","http://link.springer.com/article/10.1007/s10664-015-9370-z","Article"
"The impact of automated feature selection techniques on the interpretation of defect models","Empirical Software Engineering","","25","5","10.1007/s10664-020-09848-1","Jirayus JiarpakdeeChakkrit TantithamthavornChristoph Treude","2020","http://link.springer.com/article/10.1007/s10664-020-09848-1","Article"
"An empirical study of crash-inducing commits in Mozilla Firefox","Software Quality Journal","","26","2","10.1007/s11219-017-9361-y","Le AnFoutse KhomhYann-Gaël Guéhéneuc","2018","http://link.springer.com/article/10.1007/s11219-017-9361-y","Article"
"Quality of Information and Communications Technology","Communications in Computer and Information Science","","","","10.1007/978-3-030-85347-1","Prof. Ana C. R. PaivaAna Rosa CavalliPaula Ventura MartinsRicardo Pérez-Castillo","2021","http://link.springer.com/book/10.1007/978-3-030-85347-1","Book"
"High-Impact Bug Report Identification with Imbalanced Learning Strategies","Journal of Computer Science and Technology","","32","1","10.1007/s11390-017-1713-3","Xin-Li YangDavid LoXin XiaQiao HuangJian-Ling Sun","2017","http://link.springer.com/article/10.1007/s11390-017-1713-3","Article"
"Tackling class overlap and imbalance problems in software defect prediction","Software Quality Journal","","26","1","10.1007/s11219-016-9342-6","Lin ChenBin FangZhaowei ShangYuanyan Tang","2018","http://link.springer.com/article/10.1007/s11219-016-9342-6","Article"
"Training Data Selection Using Ensemble Dataset Approach for Software Defect Prediction","Cyber Security and Computer Science","","","","10.1007/978-3-030-52856-0_19","Md Fahimuzzman SohanMd Alamgir KabirMostafijur RahmanS. M. Hasan MahmudTouhid Bhuiyan","2020","http://link.springer.com/chapter/10.1007/978-3-030-52856-0_19","Chapter"
"A Cost-Sensitive Shared Hidden Layer Autoencoder for Cross-Project Defect Prediction","Pattern Recognition and Computer Vision","","","","10.1007/978-3-030-31726-3_42","Juanjuan LiXiao-Yuan JingFei WuYing SunYongguang Yang","2019","http://link.springer.com/chapter/10.1007/978-3-030-31726-3_42","Chapter"
"Just-in-time customer churn prediction in the telecommunication sector","The Journal of Supercomputing","","76","6","10.1007/s11227-017-2149-9","Adnan AminFeras Al-ObeidatBabar ShahMay Al TaeChangez KhanHamood Ur Rehman DurraniSajid Anwar","2020","http://link.springer.com/article/10.1007/s11227-017-2149-9","Article"
"Experiences and Challenges of Introducing Risk-Based Testing in an Industrial Project","Software Quality. Increasing Value in Software and Systems Development","","","","10.1007/978-3-642-35702-2_3","Michael FeldererRudolf Ramler","2013","http://link.springer.com/chapter/10.1007/978-3-642-35702-2_3","Chapter"
"Knowledge Science, Engineering and Management","Lecture Notes in Computer Science","","","","10.1007/978-3-030-82153-1","Han QiuCheng ZhangZongming FeiProf. Dr. Meikang QiuSun-Yuan Kung","2021","http://link.springer.com/book/10.1007/978-3-030-82153-1","Book"
"ITNG 2021 18th International Conference on Information Technology-New Generations","Advances in Intelligent Systems and Computing","","","","10.1007/978-3-030-70416-2","Dr. Shahram Latifi","2021","http://link.springer.com/book/10.1007/978-3-030-70416-2","Book"
"Guest editorial: mining software repositories","Empirical Software Engineering","","21","5","10.1007/s10664-016-9450-8","Martin PinzgerSunghun Kim","2016","http://link.springer.com/article/10.1007/s10664-016-9450-8","Article"
"Advances in Production Management Systems. Artificial Intelligence for Sustainable and Resilient Production Systems","IFIP Advances in Information and Communication Technology","","","","10.1007/978-3-030-85914-5","Alexandre DolguiProf. Alain BernardDavid LemoineGregor von CieminskiDavid Romero","2021","http://link.springer.com/book/10.1007/978-3-030-85914-5","Book"
"Advances in Production Management Systems. Artificial Intelligence for Sustainable and Resilient Production Systems","IFIP Advances in Information and Communication Technology","","","","10.1007/978-3-030-85910-7","Alexandre DolguiProf. Alain BernardDavid LemoineGregor von CieminskiDavid Romero","2021","http://link.springer.com/book/10.1007/978-3-030-85910-7","Book"
"An empirical study on the use of SZZ for identifying inducing changes of non-functional bugs","Empirical Software Engineering","","26","4","10.1007/s10664-021-09970-8","Sophia QuachMaxime LamotheYasutaka KameiWeiyi Shang","2021","http://link.springer.com/article/10.1007/s10664-021-09970-8","Article"
"Integrating Manual and Automatic Risk Assessment for Risk-Based Testing","Software Quality. Process Automation in Software Development","","","","10.1007/978-3-642-27213-4_11","Michael FeldererChristian HaisjacklRuth BreuJohannes Motz","2012","http://link.springer.com/chapter/10.1007/978-3-642-27213-4_11","Chapter"
"Assessing and optimizing the performance impact of the just-in-time configuration parameters - a case study on PyPy","Empirical Software Engineering","","24","4","10.1007/s10664-019-09691-z","Yangguang LiZhen Ming (Jack) Jiang","2019","http://link.springer.com/article/10.1007/s10664-019-09691-z","Article"
"Proceedings of the 21st Congress of the International Ergonomics Association (IEA 2021)","Lecture Notes in Networks and Systems","","","","10.1007/978-3-030-74608-7","Dr. Nancy L. BlackDr. W. Patrick NeumannDr. Ian Noy","2021","http://link.springer.com/book/10.1007/978-3-030-74608-7","Book"
"HCI for Cybersecurity, Privacy and Trust","Lecture Notes in Computer Science","","","","10.1007/978-3-030-77392-2","Abbas Moallem","2021","http://link.springer.com/book/10.1007/978-3-030-77392-2","Book"
"Experience report: investigating bug fixes in machine learning frameworks/libraries","Frontiers of Computer Science","","15","6","10.1007/s11704-020-9441-1","Xiaobing SunTianchi ZhouRongcun WangYucong DuanLili BoJianming Chang","2021","http://link.springer.com/article/10.1007/s11704-020-9441-1","Article"
"Towards just-in-time suggestions for log changes","Empirical Software Engineering","","22","4","10.1007/s10664-016-9467-z","Heng LiWeiyi ShangYing ZouAhmed E. Hassan","2017","http://link.springer.com/article/10.1007/s10664-016-9467-z","Article"
"Encyclopedia of Big Data Technologies","","","","","10.1007/978-3-319-77525-8","Sherif SakrAlbert Y. Zomaya","2019","http://link.springer.com/referencework/10.1007/978-3-319-77525-8","ReferenceWork"
"Encyclopedia of Database Systems","","","","","10.1007/978-0-387-39940-9","LING LIUM. TAMER ÖZSU","2009","http://link.springer.com/referencework/10.1007/978-0-387-39940-9","ReferenceWork"
"Advances in Production Management Systems. Towards Smart and Digital Manufacturing","IFIP Advances in Information and Communication Technology","","","","10.1007/978-3-030-57997-5","Bojan LalicVidosav MajstorovicDr. Ugljesa MarjanovicGregor von CieminskiDavid Romero","2020","http://link.springer.com/book/10.1007/978-3-030-57997-5","Book"
"Soft Computing in Data Science","Communications in Computer and Information Science","","","","10.1007/978-981-16-7334-4","Prof. Dr. Azlinah MohamedProf. Dr. Bee Wah YapJasni Mohamad ZainProf. Michael W. Berry","2021","http://link.springer.com/book/10.1007/978-981-16-7334-4","Book"
"Boosting crash-inducing change localization with rank-performance-based feature subset selection","Empirical Software Engineering","","25","3","10.1007/s10664-020-09802-1","Zhaoqiang GuoYanhui LiWanwangying MaYuming ZhouHongmin LuLin ChenBaowen Xu","2020","http://link.springer.com/article/10.1007/s10664-020-09802-1","Article"
"Data mining for software engineering and humans in the loop","Progress in Artificial Intelligence","","5","4","10.1007/s13748-016-0092-2","Leandro L. MinkuEmilia MendesBurak Turhan","2016","http://link.springer.com/article/10.1007/s13748-016-0092-2","Article"
"Handbook of Smart Cities","","","","","10.1007/978-3-030-69698-6","Juan Carlos Augusto","2021","http://link.springer.com/referencework/10.1007/978-3-030-69698-6","ReferenceWork"
"Predicting defective modules in different test phases","Software Quality Journal","","23","2","10.1007/s11219-014-9230-x","Bora CaglayanAyse Tosun MisirliAyse Basar BenerAndriy Miranskyy","2015","http://link.springer.com/article/10.1007/s11219-014-9230-x","Article"
"Addressing problems with replicability and validity of repository mining studies through a smart data platform","Empirical Software Engineering","","23","2","10.1007/s10664-017-9537-x","Fabian TrautschSteffen HerboldPhilip MakedonskiJens Grabowski","2018","http://link.springer.com/article/10.1007/s10664-017-9537-x","Article"
"Advances in Production Management Systems. Artificial Intelligence for Sustainable and Resilient Production Systems","IFIP Advances in Information and Communication Technology","","","","10.1007/978-3-030-85906-0","Alexandre DolguiProf. Alain BernardDavid LemoineGregor von CieminskiDavid Romero","2021","http://link.springer.com/book/10.1007/978-3-030-85906-0","Book"
"Continuous Build Outcome Prediction: A Small-N Experiment in Settings of a Real Software Project","Advances and Trends in Artificial Intelligence. From Theory to Practice","","","","10.1007/978-3-030-79463-7_35","Marcin KawalerowiczLech Madeyski","2021","http://link.springer.com/chapter/10.1007/978-3-030-79463-7_35","Chapter"
"Advances in Knowledge Discovery and Data Mining","Lecture Notes in Computer Science","","","","10.1007/978-3-030-75762-5","Prof. Kamal KarlapalemHong ChengNaren RamakrishnanR. K. AgrawalP. Krishna ReddyDr. Jaideep SrivastavaAssist. Prof. Tanmoy Chakraborty","2021","http://link.springer.com/book/10.1007/978-3-030-75762-5","Book"
"The Next Wave of Sociotechnical Design","Lecture Notes in Computer Science","","","","10.1007/978-3-030-82405-1","Leona Chandra KruseProf. Dr. Stefan SeidelGeir Inge Hausvik","2021","http://link.springer.com/book/10.1007/978-3-030-82405-1","Book"
"Artificial Intelligence in Medicine","Lecture Notes in Computer Science","","","","10.1007/978-3-030-59137-3","Prof. Martin MichalowskiRobert Moskovitch","2020","http://link.springer.com/book/10.1007/978-3-030-59137-3","Book"
"Responsible Design, Implementation and Use of Information and Communication Technology","Lecture Notes in Computer Science","","","","10.1007/978-3-030-44999-5","Marié HattinghMachdel MattheeHanlie SmutsDr. Ilias PappasPh.D. Yogesh K. DwivediMatti Mäntymäki","2020","http://link.springer.com/book/10.1007/978-3-030-44999-5","Book"
"Fundamentals of Business Process Management","","","","","10.1007/978-3-662-56509-4","Marlon DumasProf. Dr. Marcello La RosaProf. Dr. Jan MendlingHajo A. Reijers","2018","http://link.springer.com/book/10.1007/978-3-662-56509-4","Book"
"Exploring the Interaction between Java's Implicitly Thrown Exceptions and Instruction Scheduling","International Journal of Parallel Programming","","29","2","10.1023/A:1007621602134","Matthew ArnoldMichael HsiaoUlrich KremerBarbara G. Ryder","2001","http://link.springer.com/article/10.1023/A%3A1007621602134","Article"
"Accurate Proactive Adaptation of Service-Oriented Systems","Assurances for Self-Adaptive Systems","","","","10.1007/978-3-642-36249-1_9","Andreas MetzgerOsama SammodiKlaus Pohl","2013","http://link.springer.com/chapter/10.1007/978-3-642-36249-1_9","Chapter"
"Encyclopedia of Cryptography and Security","","","","","10.1007/978-1-4419-5906-5","Henk C. A. van TilborgSushil Jajodia","2011","http://link.springer.com/referencework/10.1007/978-1-4419-5906-5","ReferenceWork"
"Strategy Development, Risk Assessment and Resource Management: Some Issues Related to the Implementation of the Verification Regime of the Chemical Weapons Convention","Probabilistic Safety Assessment and Management ’96","","","","10.1007/978-1-4471-3409-1_36","John GeeRalf TrappMaurizio Barbeschi","1996","http://link.springer.com/chapter/10.1007/978-1-4471-3409-1_36","Chapter"
"Financial Cryptography and Data Security. FC 2021 International Workshops","Lecture Notes in Computer Science","","","","10.1007/978-3-662-63958-0","Matthew BernhardDr. Andrea BraccialiLewis GudgeonThomas HainesAriah Klages-MundtProf. Shin'ichiro MatsuoDaniel PerezProf. Massimiliano SalaSam Werner","2021","http://link.springer.com/book/10.1007/978-3-662-63958-0","Book"
"Jaskier: A Supporting Software Tool for Continuous Build Outcome Prediction Practice","Advances and Trends in Artificial Intelligence. From Theory to Practice","","","","10.1007/978-3-030-79463-7_36","Marcin KawalerowiczLech Madeyski","2021","http://link.springer.com/chapter/10.1007/978-3-030-79463-7_36","Chapter"
"Manage Risk in the Language of Business","Rational Cybersecurity for Business","","","","10.1007/978-1-4842-5952-8_5","Dan Blum","2020","http://link.springer.com/chapter/10.1007/978-1-4842-5952-8_5","Chapter"
"Belief Functions: Theory and Applications","Lecture Notes in Computer Science","","","","10.1007/978-3-030-88601-1","Thierry DenœuxEric LefèvreZhunga LiuDr. Frédéric Pichon","2021","http://link.springer.com/book/10.1007/978-3-030-88601-1","Book"
"Computational Science and Its Applications – ICCSA 2021","Lecture Notes in Computer Science","","","","10.1007/978-3-030-87010-2","Prof. Dr. Osvaldo GervasiBeniamino MurganteDr. Sanjay MisraDr. Chiara GarauIvan BlečićDavid TaniarBernady O. ApduhanAna Maria A. C. RochaEufemia TarantinoProf. Carmelo Maria Torre","2021","http://link.springer.com/book/10.1007/978-3-030-87010-2","Book"
"Instruction Scheduling in the Presence of Java’s Runtime Exceptions","Languages and Compilers for Parallel Computing","","","","10.1007/3-540-44905-1_2","Matthew ArnoldMichael HsiaoUlrich KremerBarbara Ryder","2000","http://link.springer.com/chapter/10.1007/3-540-44905-1_2","Chapter"
"Advances in Cybersecurity Management","","","","","10.1007/978-3-030-71381-2","Kevin DaimiDr. Cathryn Peoples","2021","http://link.springer.com/book/10.1007/978-3-030-71381-2","Book"
"Digital Transformation for a Sustainable Society in the 21st Century","Lecture Notes in Computer Science","","","","10.1007/978-3-030-29374-1","Dr. Ilias O. PappasProf. Dr. Patrick MikalefProf. Yogesh K. DwivediLetizia JaccheriProf. John KrogstieMatti Mäntymäki","2019","http://link.springer.com/book/10.1007/978-3-030-29374-1","Book"
"Computer Security and the Internet","Information Security and Cryptography","","","","10.1007/978-3-030-83411-1","Prof. Paul C. van Oorschot","2021","http://link.springer.com/book/10.1007/978-3-030-83411-1","Book"
"Proceedings of the 21st Congress of the International Ergonomics Association (IEA 2021)","Lecture Notes in Networks and Systems","","","","10.1007/978-3-030-74614-8","Dr. Nancy L. BlackDr. W. Patrick NeumannDr. Ian Noy","2022","http://link.springer.com/book/10.1007/978-3-030-74614-8","Book"
"HCI International 2021 - Late Breaking Papers: HCI Applications in Health, Transport, and Industry","Lecture Notes in Computer Science","","","","10.1007/978-3-030-90966-6","Prof. Constantine StephanidisVincent G. DuffyProf. Dr. Heidi KrömkerFiona Fui-Hoon NahKeng SiauProf. Gavriel SalvendyDr. June Wei","2021","http://link.springer.com/book/10.1007/978-3-030-90966-6","Book"
"How bugs are born: a model to identify how bugs are introduced in software components","Empirical Software Engineering","","25","2","10.1007/s10664-019-09781-y","Gema Rodríguez-PérezGregorio RoblesAlexander SerebrenikAndy ZaidmanDaniel M. GermánJesus M. Gonzalez-Barahona","2020","http://link.springer.com/article/10.1007/s10664-019-09781-y","Article"
"Smart and Sustainable Collaborative Networks 4.0","IFIP Advances in Information and Communication Technology","","","","10.1007/978-3-030-85969-5","Prof. Dr. Luis M. Camarinha-MatosProf. Dr. Xavier BoucherProf. Dr. Hamideh Afsarmanesh","2021","http://link.springer.com/book/10.1007/978-3-030-85969-5","Book"
"Computer Security – ESORICS 2021","Lecture Notes in Computer Science","","","","10.1007/978-3-030-88418-5","Prof. Dr. Elisa BertinoProf. Haya ShulmanProf. Dr. Michael Waidner","2021","http://link.springer.com/book/10.1007/978-3-030-88418-5","Book"
"On the Need of Functional Priority and Failure Risk Assessment to Optimize Human Resource Allocation in Public Service Organizations","Advances in Production Management Systems. Towards Smart and Digital Manufacturing","","","","10.1007/978-3-030-57997-5_44","F. P. SanthiapillaiR. M. Chandima Ratnayake","2020","http://link.springer.com/chapter/10.1007/978-3-030-57997-5_44","Chapter"
"Integrative Education Model for Resources and Critical Infrastructure Protection Based on Risk Assessment, Resources Valorization and Threat Ranking","Resilience and Risk","","","","10.1007/978-94-024-1123-2_19","Dejan VasovicGoran L. JanackovicStevan Musicki","2017","http://link.springer.com/chapter/10.1007/978-94-024-1123-2_19","Chapter"
"ChangeLocator: locate crash-inducing changes based on crash reports","Empirical Software Engineering","","23","5","10.1007/s10664-017-9567-4","Rongxin WuMing WenShing-Chi CheungHongyu Zhang","2018","http://link.springer.com/article/10.1007/s10664-017-9567-4","Article"
"The Relation of Test-Related Factors to Software Quality: A Case Study on Apache Systems","Empirical Software Engineering","","26","2","10.1007/s10664-020-09891-y","Fabiano PecorelliFabio PalombaAndrea De Lucia","2021","http://link.springer.com/article/10.1007/s10664-020-09891-y","Article"
"Encyclopedia of Education and Information Technologies","","","","","10.1007/978-3-030-10576-1","Arthur Tatnall","2020","http://link.springer.com/referencework/10.1007/978-3-030-10576-1","ReferenceWork"
"cregit: Token-level blame information in git version control repositories","Empirical Software Engineering","","24","4","10.1007/s10664-019-09704-x","Daniel M. GermanBram AdamsKate Stewart","2019","http://link.springer.com/article/10.1007/s10664-019-09704-x","Article"
"Systems Benchmarking","","","","","10.1007/978-3-030-41705-5","Prof. Dr. Samuel KounevKlaus-Dieter LangeJóakim von Kistowski","2020","http://link.springer.com/book/10.1007/978-3-030-41705-5","Book"
"Ammonia: an approach for deriving project-specific bug patterns","Empirical Software Engineering","","25","3","10.1007/s10664-020-09807-w","Yoshiki HigoShinpei HayashiHideaki HataMeiyappan Nagappan","2020","http://link.springer.com/article/10.1007/s10664-020-09807-w","Article"
"A review of system modeling, assessment and operational optimization for integrated energy systems","Science China Information Sciences","","64","9","10.1007/s11432-020-3176-x","Jun ZhaoLong ChenYinan WangQuanli Liu","2021","http://link.springer.com/article/10.1007/s11432-020-3176-x","Article"
"Advanced Research in Technologies, Information, Innovation and Sustainability","Communications in Computer and Information Science","","","","10.1007/978-3-030-90241-4","Prof. Teresa GuardaFilipe PortelaManuel Filipe Santos","2021","http://link.springer.com/book/10.1007/978-3-030-90241-4","Book"
"Generating knowledge for the identification of device failure causes and the prediction of the times-to-failure in u-Healthcare environments","Personal and Ubiquitous Computing","","17","7","10.1007/s00779-012-0573-7","Dong Woo RyuKyung Jin KangSang Soo YeoSang Oh Park","2013","http://link.springer.com/article/10.1007/s00779-012-0573-7","Article"
"On the need of preserving order of data when validating within-project defect classifiers","Empirical Software Engineering","","25","6","10.1007/s10664-020-09868-x","Davide FalessiJacky HuangLikhita NarayanaJennifer Fong ThaiBurak Turhan","2020","http://link.springer.com/article/10.1007/s10664-020-09868-x","Article"
"Computational Science – ICCS 2021","Lecture Notes in Computer Science","","","","10.1007/978-3-030-77964-1","Prof. Maciej PaszynskiProf. Dr. Dieter KranzlmüllerDr. Valeria V. KrzhizhanovskayaProf. Jack J. DongarraProf. Dr. Peter M. A. Sloot","2021","http://link.springer.com/book/10.1007/978-3-030-77964-1","Book"
"Cybersecurity, Privacy and Freedom Protection in the Connected World","Advanced Sciences and Technologies for Security Applications","","","","10.1007/978-3-030-68534-8","Hamid JahankhaniArshad JamalShaun Lawson","2021","http://link.springer.com/book/10.1007/978-3-030-68534-8","Book"
"Human-Computer Interaction – INTERACT 2021","Lecture Notes in Computer Science","","","","10.1007/978-3-030-85610-6","Carmelo ArditoRosa LanzilottiAlessio MaliziaHelen PetrieAntonio PiccinnoDr. Giuseppe DesoldaKori Inkpen","2021","http://link.springer.com/book/10.1007/978-3-030-85610-6","Book"
"Development and Implementation of a Safety Management System in a Lean Airline","Cognition, Technology & Work","","17","2","10.1007/s10111-014-0297-8","Pernilla UlfvengrenSiobhán Corrigan","2015","http://link.springer.com/article/10.1007/s10111-014-0297-8","Article"
"Fractionated Software for Networked Cyber-Physical Systems: Research Directions and Long-Term Vision","Formal Modeling: Actors, Open Systems, Biological Systems","","","","10.1007/978-3-642-24933-4_7","Mark-Oliver StehrCarolyn TalcottJohn RushbyPat LincolnMinyoung KimSteven CheungAndy Poggio","2011","http://link.springer.com/chapter/10.1007/978-3-642-24933-4_7","Chapter"
"Data Science","Communications in Computer and Information Science","","","","10.1007/978-981-16-5943-0","Jianchao ZengPinle QinWeipeng JingProf. Xianhua SongZeguang Lu","2021","http://link.springer.com/book/10.1007/978-981-16-5943-0","Book"
"Artificial Intelligence in Education","Lecture Notes in Computer Science","","","","10.1007/978-3-030-78270-2","Ido RollDanielle McNamaraSergey SosnovskyRose LuckinVania Dimitrova","2021","http://link.springer.com/book/10.1007/978-3-030-78270-2","Book"
"PROMPT, A Decision Support System for Opportunity-Based Preventive Maintenance","Reliability and Maintenance of Complex Systems","","","","10.1007/978-3-662-03274-9_27","Rommert DekkerCyp van Rijn","1996","http://link.springer.com/chapter/10.1007/978-3-662-03274-9_27","Chapter"
"The Automated City","","","","","10.1007/978-3-030-82318-4","Seng W. LokeAndry Rakotonirainy","2021","http://link.springer.com/book/10.1007/978-3-030-82318-4","Book"
"Artificial Intelligence Applications and Innovations","IFIP Advances in Information and Communication Technology","","","","10.1007/978-3-030-79150-6","Ilias MaglogiannisProf. John MacintyreProf. Lazaros Iliadis","2021","http://link.springer.com/book/10.1007/978-3-030-79150-6","Book"
"CAPA: The Spirit of Beaver Against Physical Attacks","Advances in Cryptology – CRYPTO 2018","","","","10.1007/978-3-319-96884-1_5","Oscar ReparazLauren De MeyerBegül BilginVictor ArribasSvetla NikovaVentzislav NikovNigel Smart","2018","http://link.springer.com/chapter/10.1007/978-3-319-96884-1_5","Chapter"
"Process Variability through Automated Late Selection of Fragments","Advanced Information Systems Engineering Workshops","","","","10.1007/978-3-642-38490-5_35","Aitor MurguzurGoiuria SagarduiKarmele IntxaustiSalvador Trujillo","2013","http://link.springer.com/chapter/10.1007/978-3-642-38490-5_35","Chapter"
"Industrial Engineering and Operations Management","Springer Proceedings in Mathematics & Statistics","","","","10.1007/978-3-030-78570-3","Antônio Márcio Tavares ThoméRafael Garcia BarbastefanoLuiz Felipe ScavardaJoão Carlos Gonçalves dos ReisMarlene Paula Castro Amorim","2021","http://link.springer.com/book/10.1007/978-3-030-78570-3","Book"
"HCI International 2021 - Posters","Communications in Computer and Information Science","","","","10.1007/978-3-030-78635-9","Prof. Constantine StephanidisDr. Margherita AntonaDr. Stavroula Ntoa","2021","http://link.springer.com/book/10.1007/978-3-030-78635-9","Book"
"A study on the changes of dynamic feature code when fixing bugs: towards the benefits and costs of Python dynamic features","Science China Information Sciences","","61","1","10.1007/s11432-017-9153-3","Zhifei ChenWanwangying MaWei LinLin ChenYanhui LiBaowen Xu","2017","http://link.springer.com/article/10.1007/s11432-017-9153-3","Article"
"Computer Vision","","","","","10.1007/978-3-030-63416-2","Katsushi Ikeuchi","2021","http://link.springer.com/referencework/10.1007/978-3-030-63416-2","ReferenceWork"
"A Hybrid Anomaly Detection Framework in Cloud Computing Using One-Class and Two-Class Support Vector Machines","Advanced Data Mining and Applications","","","","10.1007/978-3-642-35527-1_60","Song FuJianguo LiuHusanbir Pannu","2012","http://link.springer.com/chapter/10.1007/978-3-642-35527-1_60","Chapter"
"Operational Analysis and Basic Queueing Models","Systems Benchmarking","","","","10.1007/978-3-030-41705-5_7","Samuel KounevKlaus-Dieter LangeJóakim von Kistowski","2020","http://link.springer.com/chapter/10.1007/978-3-030-41705-5_7","Chapter"
"Integrated Neurofuzzy-JITL Model and Its Application in Batch Processes","Life System Modeling and Simulation","","","","10.1007/978-3-662-45283-7_35","Zhao FuLi Jia","2014","http://link.springer.com/chapter/10.1007/978-3-662-45283-7_35","Chapter"
"Guide to Computer Network Security","Computer Communications and Networks","","","","10.1007/978-3-319-55606-2","Joseph Migga Kizza","2017","http://link.springer.com/book/10.1007/978-3-319-55606-2","Book"
"New Frontiers in Artificial Intelligence","Lecture Notes in Computer Science","","","","10.1007/978-3-540-69902-6","Takashi WashioKen SatohHideaki TakedaAkihiro Inokuchi","2007","http://link.springer.com/book/10.1007/978-3-540-69902-6","Book"
"Debugging Aspect-Enabled Programs","Software Composition","","","","10.1007/978-3-540-77351-1_17","Marc EaddyAlfred AhoWeiping HuPaddy McDonaldJulian Burger","2007","http://link.springer.com/chapter/10.1007/978-3-540-77351-1_17","Chapter"
"Corrective commit probability: a measure of the effort invested in bug fixing","Software Quality Journal","","","","10.1007/s11219-021-09564-z","Idan AmitDror G. Feitelson","2021","http://link.springer.com/article/10.1007/s11219-021-09564-z","Article"
"Potential Rating Indicators for Cyberinsurance: An Exploratory Qualitative Study","Economics of Information Security and Privacy","","","","10.1007/978-1-4419-6967-5_13","Frank Innerhofer-OberperflerRuth Breu","2010","http://link.springer.com/chapter/10.1007/978-1-4419-6967-5_13","Chapter"
"Scripting .NET Using Mondrian","ECOOP 2001 — Object-Oriented Programming","","","","10.1007/3-540-45337-7_9","Erik MeijerNigel PerryArjan van Yzendoorn","2001","http://link.springer.com/chapter/10.1007/3-540-45337-7_9","Chapter"
"Case Study 1: Evolution of a Legacy System","The Renaissance of Legacy Systems","","","","10.1007/978-1-4471-0817-7_6","Ian Warren","1999","http://link.springer.com/chapter/10.1007/978-1-4471-0817-7_6","Chapter"
"Responsible AI and Analytics for an Ethical and Inclusive Digitized Society","Lecture Notes in Computer Science","","","","10.1007/978-3-030-85447-8","Dr. Denis DennehyAnastasia GrivaDr. Nancy PouloudiProf. Yogesh K. DwivediDr. Ilias PappasMatti Mäntymäki","2021","http://link.springer.com/book/10.1007/978-3-030-85447-8","Book"
"Distributed, Ambient and Pervasive Interactions","Lecture Notes in Computer Science","","","","10.1007/978-3-030-77015-0","Dr. Norbert StreitzDr. Shin'ichi Konomi","2021","http://link.springer.com/book/10.1007/978-3-030-77015-0","Book"
"Sector-Specific Information Infrastructure Issues in the Oil, Gas, and Petrochemical Sector","Critical Infrastructure Protection","","","","10.1007/978-3-642-28920-0_11","Stig O. JohnsenAndreas AasYing Qian","2012","http://link.springer.com/chapter/10.1007/978-3-642-28920-0_11","Chapter"
"Machine Learning and Knowledge Discovery in Databases. Research Track","Lecture Notes in Computer Science","","","","10.1007/978-3-030-86486-6","Nuria OliverFernando Pérez-CruzStefan KramerJesse ReadJose A. Lozano","2021","http://link.springer.com/book/10.1007/978-3-030-86486-6","Book"
"Advancing Research in Information and Communication Technology","IFIP Advances in Information and Communication Technology","","","","10.1007/978-3-030-81701-5","Michael GoedickeProf. Dr. Erich NeuholdProf. Dr. Kai Rannenberg","2021","http://link.springer.com/book/10.1007/978-3-030-81701-5","Book"
"How to Keep Your Head above Water While Detecting Errors","Middleware 2009","","","","10.1007/978-3-642-10445-9_11","Ignacio LagunaFahad A. ArshadDavid M. GrotheSaurabh Bagchi","2009","http://link.springer.com/chapter/10.1007/978-3-642-10445-9_11","Chapter"
"JARVIS, A Hardware/Software Framework for Resilient Industry 4.0 Systems","Software Engineering for Resilient Systems","","","","10.1007/978-3-030-30856-8_6","Jacopo ParriFulvio PataraSamuele SampietroEnrico Vicario","2019","http://link.springer.com/chapter/10.1007/978-3-030-30856-8_6","Chapter"
"The Elements of Big Data Value","","","","","10.1007/978-3-030-68176-0","Edward CurryDr. Andreas MetzgerProf. Sonja ZillnerDr. Jean-Christophe PazzagliaAna García Robles","2021","http://link.springer.com/book/10.1007/978-3-030-68176-0","Book"
"The secret life of test smells - an empirical study on test smell evolution and maintenance","Empirical Software Engineering","","26","5","10.1007/s10664-021-09969-1","Dong Jae KimTse-Hsun (Peter) ChenJinqiu Yang","2021","http://link.springer.com/article/10.1007/s10664-021-09969-1","Article"
"Applied Cryptography and Network Security","Lecture Notes in Computer Science","","","","10.1007/978-3-030-78375-4","Kazue SakoNils Ole Tippenhauer","2021","http://link.springer.com/book/10.1007/978-3-030-78375-4","Book"
"Software Sustainability","","","","","10.1007/978-3-030-69970-3","Prof. Coral CaleroDr. Mª Ángeles MoragaProf. Mario Piattini","2021","http://link.springer.com/book/10.1007/978-3-030-69970-3","Book"
"Software Development Bug Tracking: “Tool Isn’t User Friendly” or “User Isn’t Process Friendly”","Software Quality — ECSQ 2002","","","","10.1007/3-540-47984-8_26","Leah GoldinLilach Rochell","2002","http://link.springer.com/chapter/10.1007/3-540-47984-8_26","Chapter"
"A markov model for fault-Tolerant task Parallel Computations","From Grids to Service and Pervasive Computing","","","","10.1007/978-0-387-09455-7_9","Carlo BertolliMassimiliano MeneghinJoaquim Gabarro","2008","http://link.springer.com/chapter/10.1007/978-0-387-09455-7_9","Chapter"
"Engineering the Transformation of the Enterprise","","","","","10.1007/978-3-030-84655-8","Prof. Dr. Stephan AierProf. Dr. Peter RohnerDr. Joachim Schelp","2021","http://link.springer.com/book/10.1007/978-3-030-84655-8","Book"
"HCI International 2021 - Late Breaking Papers: Cognition, Inclusion, Learning, and Culture","Lecture Notes in Computer Science","","","","10.1007/978-3-030-90328-2","Prof. Constantine StephanidisProf. Don HarrisProf. Wen-Chin LiDr. Dylan D. SchmorrowCali M. FidopiastisDr. Margherita AntonaProf. Qin GaoDr. Jia ZhouProf. Panayiotis ZaphirisAndri IoannouRobert A. SottilareJessica SchwarzProf. Matthias Rauterberg","2021","http://link.springer.com/book/10.1007/978-3-030-90328-2","Book"
"Effective Enhancement of Loop Versioning in Java","Compiler Construction","","","","10.1007/3-540-45937-5_21","Vitaly V. MikheevStanislav A. FedoseevVladimir V. SukharevNikita V. Lipsky","2002","http://link.springer.com/chapter/10.1007/3-540-45937-5_21","Chapter"
"The Semantic Web – ISWC 2021","Lecture Notes in Computer Science","","","","10.1007/978-3-030-88361-4","Prof. Dr. Andreas HothoAssoc. Prof. Eva BlomqvistStefan DietzeAchille FokoueYing DingPayam BarnaghiArmin HallerDr. Mauro DragoniHarith Alani","2021","http://link.springer.com/book/10.1007/978-3-030-88361-4","Book"
"Artificial Intelligence in Education","Lecture Notes in Computer Science","","","","10.1007/978-3-030-78292-4","Ido RollDanielle McNamaraSergey SosnovskyRose LuckinVania Dimitrova","2021","http://link.springer.com/book/10.1007/978-3-030-78292-4","Book"
"Chapter 5: Security and Management","Internet of Things: Concepts and System Design","","","","10.1007/978-3-030-41346-0_5","Milan Milenkovic","2020","http://link.springer.com/chapter/10.1007/978-3-030-41346-0_5","Chapter"
"Editor’s Note: Special Section on Software Maintenance and Evolution","Empirical Software Engineering","","24","5","10.1007/s10664-019-09740-7","","2019","http://link.springer.com/article/10.1007/s10664-019-09740-7","Article"
"Integrating a General Bayesian Network with Multi-Agent Simulation to Optimize Supply Chain Management","Computer Applications for Database, Education, and Ubiquitous Computing","","","","10.1007/978-3-642-35603-2_46","Seung Chang SeongKun Chang Lee","2012","http://link.springer.com/chapter/10.1007/978-3-642-35603-2_46","Chapter"
"The Semantic Web","Lecture Notes in Computer Science","","","","10.1007/978-3-030-77385-4","Ruben VerborghKatja HoseHeiko PaulheimPierre-Antoine ChampinMaria MaleshkovaOscar CorchoPetar RistoskiDr. Mehwish Alam","2021","http://link.springer.com/book/10.1007/978-3-030-77385-4","Book"
"Robot/Vision System Calibrations in Automated Assembly","Sensor-Based Robots: Algorithms and Architectures","","","","10.1007/978-3-642-75530-9_7","F. G. KingG. V. PuskoriusF. YuanR. C. MeierV. JeyabalanL. A. Feldkamp","1991","http://link.springer.com/chapter/10.1007/978-3-642-75530-9_7","Chapter"
"A Method of Multi-perspective Assessment of Lean Management","Advances in Production Management Systems. The Path to Intelligent, Collaborative and Sustainable Manufacturing","","","","10.1007/978-3-319-66926-7_40","Andreas Mueller","2017","http://link.springer.com/chapter/10.1007/978-3-319-66926-7_40","Chapter"
"Intelligent Computing Theories and Application","Lecture Notes in Computer Science","","","","10.1007/978-3-030-84522-3","De-Shuang HuangProf. Kang-Hyun JoJianqiang LiValeriya GribovaVitoantonio Bevilacqua","2021","http://link.springer.com/book/10.1007/978-3-030-84522-3","Book"
"Exploiting Domain Ontologies and Intelligent Agents: An Automated Network Management Support Paradigm","Information Networking. Advances in Data Communications and Wireless Networks","","","","10.1007/11919568_82","Sameera AbarYukio IwayaToru AbeTetsuo Kinoshita","2006","http://link.springer.com/chapter/10.1007/11919568_82","Chapter"
"A Concept for an IT-Supported Integrated Earnings and Risk Management to Strengthen the Resilience of Companies in Times of Crisis","Engineering the Transformation of the Enterprise","","","","10.1007/978-3-030-84655-8_16","Hans-Ulrich BuhlBjörn HäckelChristian Ritter","2021","http://link.springer.com/chapter/10.1007/978-3-030-84655-8_16","Chapter"
"Selected Areas in Cryptography","Lecture Notes in Computer Science","","","","10.1007/978-3-030-81652-0","Orr DunkelmanMichael J. Jacobson, Jr.Colin O'Flynn","2021","http://link.springer.com/book/10.1007/978-3-030-81652-0","Book"
"Applied Computer Sciences in Engineering","Communications in Computer and Information Science","","","","10.1007/978-3-319-66963-2","Juan Carlos Figueroa-GarcíaEduyn Ramiro López-SantanaJosé Luis Villa-RamírezRoberto Ferro-Escobar","2017","http://link.springer.com/book/10.1007/978-3-319-66963-2","Book"
"Advanced Information Systems Engineering","Lecture Notes in Computer Science","","","","10.1007/978-3-030-79382-1","Marcello La RosaShazia SadiqProf. Ernest Teniente","2021","http://link.springer.com/book/10.1007/978-3-030-79382-1","Book"
"Quick remedy commits and their impact on mining software repositories","Empirical Software Engineering","","27","1","10.1007/s10664-021-10051-z","Fengcai WenCsaba NagyMichele LanzaGabriele Bavota","2021","http://link.springer.com/article/10.1007/s10664-021-10051-z","Article"
"Towards Smartphone-Based Assessment of Burnout","Mobile Computing, Applications, and Services","","","","10.1007/978-3-319-05452-0_12","Christiana TsiourtiKatarzyna Wac","2014","http://link.springer.com/chapter/10.1007/978-3-319-05452-0_12","Chapter"
"High Performance Numerical Computing in Java: Language and Compiler Issues","Languages and Compilers for Parallel Computing","","","","10.1007/3-540-44905-1_1","Pedro V. ArtigasManish GuptaSamuel P. MidkiffJosé E. Moreira","2000","http://link.springer.com/chapter/10.1007/3-540-44905-1_1","Chapter"
"Practical risk management","Life Cycle Management For Dependability","","","","10.1007/978-1-4471-0939-6_8","Felix RedmillChris Dale","1997","http://link.springer.com/chapter/10.1007/978-1-4471-0939-6_8","Chapter"
"SCM: Supply Chain Management","Integrated Business Information Systems","","","","10.1007/978-3-662-59811-5_3","Klaus-Dieter Gronwald","2020","http://link.springer.com/chapter/10.1007/978-3-662-59811-5_3","Chapter"
"Computer Aided Verification","Lecture Notes in Computer Science","","","","10.1007/978-3-030-81685-8","Prof. Alexandra SilvaK. Rustan M. Leino","2021","http://link.springer.com/book/10.1007/978-3-030-81685-8","Book"
"Advances in Computational Intelligence","Lecture Notes in Computer Science","","","","10.1007/978-3-030-85099-9","Prof. Ignacio RojasGonzalo JoyaAndreu Català","2021","http://link.springer.com/book/10.1007/978-3-030-85099-9","Book"
"Equity Arbitrage","Practical .NET for Financial Markets","","","","10.1007/978-1-4302-0147-2_8","","2006","http://link.springer.com/chapter/10.1007/978-1-4302-0147-2_8","Chapter"
"HCI International 2021 - Posters","Communications in Computer and Information Science","","","","10.1007/978-3-030-78645-8","Prof. Constantine StephanidisDr. Margherita AntonaDr. Stavroula Ntoa","2021","http://link.springer.com/book/10.1007/978-3-030-78645-8","Book"
"Reliable Condition Monitoring of Telecommunication Services with Time-Varying Load Characteristic","Distributed Computing and Internet Technology","","","","10.1007/978-3-319-72344-0_14","Günter Fahrnberger","2018","http://link.springer.com/chapter/10.1007/978-3-319-72344-0_14","Chapter"
"Verifying the Stability and Sensitivity of Learning Analytics Based Prediction Models: An Extended Case Study","Computer Supported Education","","","","10.1007/978-3-319-29585-5_15","Dirk T. TempelaarBart RientiesBas Giesbers","2016","http://link.springer.com/chapter/10.1007/978-3-319-29585-5_15","Chapter"
"Universal Access in Human-Computer Interaction. Access to Media, Learning and Assistive Environments","Lecture Notes in Computer Science","","","","10.1007/978-3-030-78095-1","Dr. Margherita AntonaProf. Constantine Stephanidis","2021","http://link.springer.com/book/10.1007/978-3-030-78095-1","Book"
"PKI as Part of an Integrated Risk Management Strategy for Web Security","Public Key Infrastructures, Services and Applications","","","","10.1007/978-3-642-29804-2_9","Peter Gutmann","2012","http://link.springer.com/chapter/10.1007/978-3-642-29804-2_9","Chapter"
"HCI in Business, Government and Organizations","Lecture Notes in Computer Science","","","","10.1007/978-3-030-77750-0","Dr. Fiona Fui-Hoon NahDr. Keng Siau","2021","http://link.springer.com/book/10.1007/978-3-030-77750-0","Book"
"AssessGrid Strategies for Provider Ranking Mechanisms in Risk–Aware Grid Systems","Grid Economics and Business Models","","","","10.1007/978-3-540-85485-2_19","Dominic BattréKarim DjemameIain GourlayMatthias HovestadtOdej KaoJames PadgettKerstin VossDaniel Warneke","2008","http://link.springer.com/chapter/10.1007/978-3-540-85485-2_19","Chapter"
"Web Engineering","Lecture Notes in Computer Science","","","","10.1007/978-3-030-74296-6","Ph.D. Marco BrambillaProf. Richard ChbeirFlavius FrasincarDr. Ioana Manolescu","2021","http://link.springer.com/book/10.1007/978-3-030-74296-6","Book"
"A Multi-agent Scheduling Model for Maximizing Agent Satisfaction","Multi-disciplinary Trends in Artificial Intelligence","","","","10.1007/978-3-642-35455-7_9","Eugene LevnerAmir ElaloufHuajun Tang","2012","http://link.springer.com/chapter/10.1007/978-3-642-35455-7_9","Chapter"
"Internal Structure","Guide to ILDJIT","","","","10.1007/978-1-4471-2194-7_7","Simone Campanoni","2011","http://link.springer.com/chapter/10.1007/978-1-4471-2194-7_7","Chapter"
"AI for Healthcare with Keras and Tensorflow 2.0","","","","","10.1007/978-1-4842-7086-8","Anshik","2021","http://link.springer.com/book/10.1007/978-1-4842-7086-8","Book"
"Global scheduling based reliability-aware power management for multiprocessor real-time systems","Real-Time Systems","","47","2","10.1007/s11241-011-9117-x","Xuan QiDakai ZhuHakan Aydin","2011","http://link.springer.com/article/10.1007/s11241-011-9117-x","Article"
"Computational Logistics","Lecture Notes in Computer Science","","","","10.1007/978-3-030-87672-2","Dr. Martijn MesDr. Eduardo Lalla-RuizProf. Stefan Voß","2021","http://link.springer.com/book/10.1007/978-3-030-87672-2","Book"
"Product Lifecycle Management in the Digital Twin Era","IFIP Advances in Information and Communication Technology","","","","10.1007/978-3-030-42250-9","Prof. Clement FortinLouis RivestProf. Alain BernardProf. Dr. Abdelaziz Bouras","2019","http://link.springer.com/book/10.1007/978-3-030-42250-9","Book"
"Business Modeling and Software Design","Lecture Notes in Business Information Processing","","","","10.1007/978-3-030-79976-2","Dr. Boris Shishkov","2021","http://link.springer.com/book/10.1007/978-3-030-79976-2","Book"
"A Framework for Integrated Proactive Maintenance Decision Making and Supplier Selection","Advances in Production Management Systems. The Path to Intelligent, Collaborative and Sustainable Manufacturing","","","","10.1007/978-3-319-66923-6_49","Alexandros BousdekisNikos PapageorgiouBabis MagoutasDimitris ApostolouGregoris Mentzas","2017","http://link.springer.com/chapter/10.1007/978-3-319-66923-6_49","Chapter"
"Security code smells in Android ICC","Empirical Software Engineering","","24","5","10.1007/s10664-018-9673-y","Pascal GadientMohammad GhafariPatrick FrischknechtOscar Nierstrasz","2019","http://link.springer.com/article/10.1007/s10664-018-9673-y","Article"
"Integration of manufacturing system and product design with DMU","Intelligent Systems for Manufacturing","","","","10.1007/978-0-387-35390-6_47","Dipl.-Ing. Stefan von Praun","1998","http://link.springer.com/chapter/10.1007/978-0-387-35390-6_47","Chapter"
"Learning Technology for Education Challenges","Communications in Computer and Information Science","","","","10.1007/978-3-030-81350-5","Lorna UdenDario Liberona","2021","http://link.springer.com/book/10.1007/978-3-030-81350-5","Book"
"High-Confidence Compositional Reliability Assessment of SOA-Based Systems Using Machine Learning Techniques","Machine Learning in Cyber Trust","","","","10.1007/978-0-387-88735-7_11","Venkata U. B. ChallagullaFarokh B. BastaniI-Ling Yen","2009","http://link.springer.com/chapter/10.1007/978-0-387-88735-7_11","Chapter"
"Concise Guide to Software Engineering","Undergraduate Topics in Computer Science","","","","10.1007/978-3-319-57750-0","Gerard O'Regan","2017","http://link.springer.com/book/10.1007/978-3-319-57750-0","Book"
"Human-Computer Interaction. Theory, Methods and Tools","Lecture Notes in Computer Science","","","","10.1007/978-3-030-78462-1","Masaaki Kurosu","2021","http://link.springer.com/book/10.1007/978-3-030-78462-1","Book"
"Mobile Edge Computing","","","","","10.1007/978-3-030-69893-5","Dr. Anwesha MukherjeeProf. Dr. Debashis DeProf. Dr. Soumya K. GhoshProf. Dr. Rajkumar Buyya","2021","http://link.springer.com/book/10.1007/978-3-030-69893-5","Book"
"Change-Enabled Software Systems","Software-Intensive Systems and New Computing Paradigms","","","","10.1007/978-3-540-89437-7_3","Oscar NierstraszMarcus DenkerTudor GîrbaAdrian LienhardDavid Röthlisberger","2008","http://link.springer.com/chapter/10.1007/978-3-540-89437-7_3","Chapter"
"A state of the art review of intelligent scheduling","Artificial Intelligence Review","","53","1","10.1007/s10462-018-9667-6","Mohammad Hossein Fazel ZarandiAli Akbar Sadat AslShahabeddin SotudianOscar Castillo","2020","http://link.springer.com/article/10.1007/s10462-018-9667-6","Article"
"Emerging topics in mining software repositories","Progress in Artificial Intelligence","","7","3","10.1007/s13748-018-0147-7","Diego Güemes-PeñaCarlos López-NozalRaúl Marticorena-SánchezJesús Maudes-Raedo","2018","http://link.springer.com/article/10.1007/s13748-018-0147-7","Article"
"Analyzing Privacy Risk in Human Mobility Data","Software Technologies: Applications and Foundations","","","","10.1007/978-3-030-04771-9_10","Roberto PellungriniLuca PappalardoFrancesca PratesiAnna Monreale","2018","http://link.springer.com/chapter/10.1007/978-3-030-04771-9_10","Chapter"
"Introduction to Part III: Markers to mHealth Predictors","Mobile Health","","","","10.1007/978-3-319-51394-2_17","James M. RehgSusan A. MurphySantosh Kumar","2017","http://link.springer.com/chapter/10.1007/978-3-319-51394-2_17","Chapter"
"Advances of Science and Technology","Lecture Notes of the Institute for Computer Sciences, Social Informatics and Telecommunications Engineering","","","","10.1007/978-3-030-80621-7","Mulugeta Admasu DeleleMekuanint Agegnehu BitewAbebech Abera BeyeneSolomon Workneh FantaAddisu Negash Ali","2021","http://link.springer.com/book/10.1007/978-3-030-80621-7","Book"
"Runtime Verification","Lecture Notes in Computer Science","","","","10.1007/978-3-030-88494-9","Ph.D. Lu FengDr. Dana Fisman","2021","http://link.springer.com/book/10.1007/978-3-030-88494-9","Book"
"Computational Science – ICCS 2021","Lecture Notes in Computer Science","","","","10.1007/978-3-030-77970-2","Prof. Maciej PaszynskiProf. Dr. Dieter KranzlmüllerDr. Valeria V. KrzhizhanovskayaProf. Jack J. DongarraProf. Dr. Peter M.A. Sloot","2021","http://link.springer.com/book/10.1007/978-3-030-77970-2","Book"
"The Robotic Process Automation Handbook","","","","","10.1007/978-1-4842-5729-6","Tom Taulli","2020","http://link.springer.com/book/10.1007/978-1-4842-5729-6","Book"
"A framework for Model-Driven Engineering of resilient software-controlled systems","Computing","","103","4","10.1007/s00607-020-00841-6","Jacopo ParriFulvio PataraSamuele SampietroEnrico Vicario","2021","http://link.springer.com/article/10.1007/s00607-020-00841-6","Article"
"HCI Requirements for Transparency and Accountability Tools for Cloud Service Chains","Accountability and Security in the Cloud","","","","10.1007/978-3-319-17199-9_4","Simone Fischer-HübnerJohn Sören PetterssonJulio Angulo","2015","http://link.springer.com/chapter/10.1007/978-3-319-17199-9_4","Chapter"
"Formal specification and verification of the pGVT algorithm","FME'96: Industrial Benefit and Advances in Formal Methods","","","","10.1007/3-540-60973-3_99","Balakrishnan KannikeswaranRadharamanan RadhakrishnanPeter FreyPerry AlexanderPhilip A. Wilsey","1996","http://link.springer.com/chapter/10.1007/3-540-60973-3_99","Chapter"
"Practical Security Aspects of the Internet of Things","Cybersecurity for Industry 4.0","","","","10.1007/978-3-319-50660-9_9","Jörn MehnenHongmei HeStefano TedeschiNikolaos Tapoglou","2017","http://link.springer.com/chapter/10.1007/978-3-319-50660-9_9","Chapter"
"REM in Agile Projects","Requirements Engineering and Management for Software Development Projects","","","","10.1007/978-1-4614-5377-2_15","Murali Chemuturi","2013","http://link.springer.com/chapter/10.1007/978-1-4614-5377-2_15","Chapter"
"Modeling Opportunities in mHealth Cyber-Physical Systems","Mobile Health","","","","10.1007/978-3-319-51394-2_23","Wendy NilsenEmre ErtinEric B. HeklerSantosh KumarInsup LeeRahul MangharamMisha PavelJames M. RehgWilliam RileyDaniel E. RiveraDonna Spruijt-Metz","2017","http://link.springer.com/chapter/10.1007/978-3-319-51394-2_23","Chapter"
"Enabling a Pervasive Approach for Intelligent Decision Support in Critical Health Care","ENTERprise Information Systems","","","","10.1007/978-3-642-24352-3_25","Carlos Filipe PortelaManuel Filipe SantosÁlvaro SilvaJosé MachadoAntónio Abelha","2011","http://link.springer.com/chapter/10.1007/978-3-642-24352-3_25","Chapter"
"Achieving Dependability in Service-Oriented Systems","Dependable and Historic Computing","","","","10.1007/978-3-642-24541-1_37","Jie Xu","2011","http://link.springer.com/chapter/10.1007/978-3-642-24541-1_37","Chapter"
"Establishing Operational Models for Dynamic Compilation in a Simulation Platform","Nature of Computation and Communication","","","","10.1007/978-3-319-15392-6_12","Nghi Quang HuynhTram Huynh VoHiep Xuan HuynhAlexis Drogoul","2015","http://link.springer.com/chapter/10.1007/978-3-319-15392-6_12","Chapter"
"Data Assurance in Opaque Computations","Advances in Computer Games","","","","10.1007/978-3-642-12993-3_20","Joe HurdGuy Haworth","2010","http://link.springer.com/chapter/10.1007/978-3-642-12993-3_20","Chapter"
"Smart Connected World","","","","","10.1007/978-3-030-76387-9","Dr. Sarika JainSan Murugesan","2021","http://link.springer.com/book/10.1007/978-3-030-76387-9","Book"
"Practical Data Science with Python 3","","","","","10.1007/978-1-4842-4859-1","Ervin Varga","2019","http://link.springer.com/book/10.1007/978-1-4842-4859-1","Book"
"Data Management Technologies and Applications","Communications in Computer and Information Science","","","","10.1007/978-3-030-83014-4","Slimane HammoudiChristoph QuixJorge Bernardino","2021","http://link.springer.com/book/10.1007/978-3-030-83014-4","Book"
"A Learning Roadmap for Digital Lean Manufacturing","Advances in Production Management Systems. Towards Smart and Digital Manufacturing","","","","10.1007/978-3-030-57997-5_48","Anja Bottinga SolheimDaryl John Powell","2020","http://link.springer.com/chapter/10.1007/978-3-030-57997-5_48","Chapter"
"A Sanctuary for Mobile Agents","Secure Internet Programming","","","","10.1007/3-540-48749-2_12","Bennet S. Yee","1999","http://link.springer.com/chapter/10.1007/3-540-48749-2_12","Chapter"
"Impacts of TEI on SMEs","Impacts and Risk Assessment of Technology for Internet Security","","","","10.1007/0-387-26334-9_2","","2005","http://link.springer.com/chapter/10.1007/0-387-26334-9_2","Chapter"
"DRASTIC: A run-time architecture for evolving, distributed, persistent systems","ECOOP'97 — Object-Oriented Programming","","","","10.1007/BFb0053382","Huw EvansPeter Dickman","1997","http://link.springer.com/chapter/10.1007/BFb0053382","Chapter"
"Research Topics in Spoken Dialogue Technology","Spoken Dialogue Technology","","","","10.1007/978-0-85729-414-2_14","Michael F. McTear","2004","http://link.springer.com/chapter/10.1007/978-0-85729-414-2_14","Chapter"
"Predictable Parallel Performance: The BSP Model","Models for Parallel and Distributed Computation","","","","10.1007/978-1-4757-3609-0_4","D. B. Skillicorn","2002","http://link.springer.com/chapter/10.1007/978-1-4757-3609-0_4","Chapter"
"Enhancing Regional Digital Preparedness on Natural Hazards to Safeguard Business Resilience in the Asia-Pacific","Information Technology in Disaster Risk Reduction","","","","10.1007/978-3-319-68486-4_14","Yanling LeeKenji WatanabeWei-Sen Li","2017","http://link.springer.com/chapter/10.1007/978-3-319-68486-4_14","Chapter"
"New Statistics for Design Researchers","Human–Computer Interaction Series","","","","10.1007/978-3-030-46380-9","Dr. Martin Schmettow","2021","http://link.springer.com/book/10.1007/978-3-030-46380-9","Book"
"Early Warning System Potential for Single Sourcing Risk Mitigation","Collaborative Systems for Smart Networked Environments","","","","10.1007/978-3-662-44745-1_60","Patricia FranconettiAngel Ortiz","2014","http://link.springer.com/chapter/10.1007/978-3-662-44745-1_60","Chapter"
"Creating Components",".NET Development for Java Programmers","","","","10.1007/978-1-4302-1106-8_10","Paul Gibbons","2002","http://link.springer.com/chapter/10.1007/978-1-4302-1106-8_10","Chapter"
"Digital Manufacturing/Industry 4.0","Guide to Computing Fundamentals in Cyber-Physical Systems","","","","10.1007/978-3-319-25178-3_7","Dietmar P. F. Möller","2016","http://link.springer.com/chapter/10.1007/978-3-319-25178-3_7","Chapter"
"Case Studies: Synthesis of ADDM Algorithms for Real-World Systems","Algorithm Design for Networked Information Technology Systems","","","","10.1007/0-387-21616-2_3","","2004","http://link.springer.com/chapter/10.1007/0-387-21616-2_3","Chapter"
"A Process Framework Combining Safety and Security in Practice","Systems, Software and Services Process Improvement","","","","10.1007/978-3-319-97925-0_14","Fergal McCafferyÖzden Özcan-TopCeara TreacyPangkaj PaulJohn LoaneJennifer CrillyArthur Mc Mahon","2018","http://link.springer.com/chapter/10.1007/978-3-319-97925-0_14","Chapter"
"Protecting Personal Information in Cloud Computing","On the Move to Meaningful Internet Systems: OTM 2012","","","","10.1007/978-3-642-33615-7_3","Miranda MowbraySiani Pearson","2012","http://link.springer.com/chapter/10.1007/978-3-642-33615-7_3","Chapter"
"Teaching and Computers","Cooperative Computer-Aided Authoring and Learning","","","","10.1007/978-1-4615-2253-9_2","Max Mühlhäuser","1995","http://link.springer.com/chapter/10.1007/978-1-4615-2253-9_2","Chapter"
"The Anticipatory Approach: Definitions and Taxonomies","The Challenge of Anticipation","","","","10.1007/978-3-540-87702-8_2","Giovanni PezzuloMartin V. ButzCristiano Castelfranchi","2008","http://link.springer.com/chapter/10.1007/978-3-540-87702-8_2","Chapter"
"Scheduling in overlaid star all-photonic networks with large propagation delays","Photonic Network Communications","","17","2","10.1007/s11107-008-0150-1","N. SaberiM. J. Coates","2008","http://link.springer.com/article/10.1007/s11107-008-0150-1","Article"
"Bringing Interactive Process Mining to Health Professionals: Interactive Data Rodeos","Interactive Process Mining in Healthcare","","","","10.1007/978-3-030-53993-1_8","Carlos Fernandez-Llatas","2021","http://link.springer.com/chapter/10.1007/978-3-030-53993-1_8","Chapter"
"Integration of Risk and Resilience into Policy","Resilience and Risk","","","","10.1007/978-94-024-1123-2_12","Raymond NyerCharles BaubionBérangère BasinAdeline DamicisSonia MaraisseMathieu MorelEmmanuel Vullierme","2017","http://link.springer.com/chapter/10.1007/978-94-024-1123-2_12","Chapter"
"Simplify and Rationalize IT and Security","Rational Cybersecurity for Business","","","","10.1007/978-1-4842-5952-8_7","Dan Blum","2020","http://link.springer.com/chapter/10.1007/978-1-4842-5952-8_7","Chapter"
"Tailoring Interface for Spanish Language: A Case Study with CHICA System","Human Centered Design","","","","10.1007/978-3-642-02806-9_46","Vibha AnandPaul G. BiondichAaron E. CarrollStephen M. Downs","2009","http://link.springer.com/chapter/10.1007/978-3-642-02806-9_46","Chapter"
"Maintenance Management Characterization: Process, Framework and Supporting Pillars","The Maintenance Management Framework","","","","10.1007/978-1-84628-821-0_2","","2007","http://link.springer.com/chapter/10.1007/978-1-84628-821-0_2","Chapter"
"Towards a Generic Resilience Management, Quantification and Development Process: General Definitions, Requirements, Methods, Techniques and Measures, and Case Studies","Resilience and Risk","","","","10.1007/978-94-024-1123-2_2","Ivo HäringGiovanni SansaviniEmanuele BelliniNick MartynTatyana KovalenkoMaksim KitsakGeorg VogelbacherKatharina RossUlrich BergerhausenKash BarkerIgor Linkov","2017","http://link.springer.com/chapter/10.1007/978-94-024-1123-2_2","Chapter"
"Dimensions of Cybersecurity Risk Management","Advances in Cybersecurity Management","","","","10.1007/978-3-030-71381-2_17","Kendall E. NygardAakanksha RastogiMostofa AhsanRashmi Satyal","2021","http://link.springer.com/chapter/10.1007/978-3-030-71381-2_17","Chapter"
"Engineering Artificially Intelligent Systems","Lecture Notes in Computer Science","","","","10.1007/978-3-030-89385-9","William F. LawlessProf. James LlinasDonald A. SofgeRanjeev Mittu","2021","http://link.springer.com/book/10.1007/978-3-030-89385-9","Book"
"A Survival Analysis of Source Files Modified by New Developers","Product-Focused Software Process Improvement","","","","10.1007/978-3-319-69926-4_7","Hirohisa AmanSousuke AmasakiTomoyuki YokogawaMinoru Kawahara","2017","http://link.springer.com/chapter/10.1007/978-3-319-69926-4_7","Chapter"
"Estimating the number of remaining links in traceability recovery","Empirical Software Engineering","","22","3","10.1007/s10664-016-9460-6","Davide FalessiMassimiliano Di PentaGerardo CanforaGiovanni Cantone","2017","http://link.springer.com/article/10.1007/s10664-016-9460-6","Article"
"Getting Started with Azure Security Center","Cyber Security on Azure","","","","10.1007/978-1-4842-2740-4_3","Marshall Copeland","2017","http://link.springer.com/chapter/10.1007/978-1-4842-2740-4_3","Chapter"
"IT Enabled Risk Management for Taxation and Customs: The Case of AEO Assessment in the Netherlands","Electronic Government","","","","10.1007/978-3-642-03516-6_32","Jianwei LiuYao-Hua TanJoris Hulstijn","2009","http://link.springer.com/chapter/10.1007/978-3-642-03516-6_32","Chapter"
"Sample Privileged Access Management Use Cases","Privileged Attack Vectors","","","","10.1007/978-1-4842-5914-6_23","Morey J. Haber","2020","http://link.springer.com/chapter/10.1007/978-1-4842-5914-6_23","Chapter"
"Safety Assurance of Open Adaptive Systems – A Survey","Models@run.time","","","","10.1007/978-3-319-08915-7_11","Mario TrappDaniel Schneider","2014","http://link.springer.com/chapter/10.1007/978-3-319-08915-7_11","Chapter"
"Using Modeling and Simulation as a Framework for Testing New Solutions Devoted to Securing Global Flows of Goods and People","Harbour Protection Through Data Fusion Technologies","","","","10.1007/978-1-4020-8883-4_25","Agostino BruzzoneChiara Briano","2009","http://link.springer.com/chapter/10.1007/978-1-4020-8883-4_25","Chapter"
"Current State of Security","Beginning Security with Microsoft Technologies","","","","10.1007/978-1-4842-4853-9_1","Vasantha Lakshmi","2019","http://link.springer.com/chapter/10.1007/978-1-4842-4853-9_1","Chapter"
"A Survey on the Moving Target Defense Strategies: An Architectural Perspective","Journal of Computer Science and Technology","","34","1","10.1007/s11390-019-1906-z","Jianjun ZhengAkbar Siami Namin","2019","http://link.springer.com/article/10.1007/s11390-019-1906-z","Article"
"Discrete Event Complex Systems: Scheduling with Neural Networks","Dealing with Complexity","","","","10.1007/978-1-4471-1523-6_11","Mirek Kárný Csc, DrScKevin Warwick BSc, PhD, DSc, DrScVera Kůrková PhD","1998","http://link.springer.com/chapter/10.1007/978-1-4471-1523-6_11","Chapter"
"A Conceptual Framework for Stage Configuration","Advances in Production Management Systems. Production Management for Data-Driven, Intelligent, Collaborative, and Sustainable Manufacturing","","","","10.1007/978-3-319-99704-9_13","Bjørn ChristensenThomas D. BrunoeKjeld Nielsen","2018","http://link.springer.com/chapter/10.1007/978-3-319-99704-9_13","Chapter"
"Workflow scheduling in cloud: a survey","The Journal of Supercomputing","","71","9","10.1007/s11227-015-1438-4","Fuhui WuQingbo WuYusong Tan","2015","http://link.springer.com/article/10.1007/s11227-015-1438-4","Article"
"Achieving Agility in IT Project Portfolios – A Systematic Literature Review","Lean and Agile Software Development","","","","10.1007/978-3-030-67084-9_5","Joseph Puthenpurackal ChakkoTim HuyghSteven De Haes","2021","http://link.springer.com/chapter/10.1007/978-3-030-67084-9_5","Chapter"
"Information and Knowledge Economies","Organizational Semiotics","","","","10.1007/978-0-387-35611-2_2","Daniel O’ConnorRob ShieldsSuzan IlcanEdwina Taborsky","2002","http://link.springer.com/chapter/10.1007/978-0-387-35611-2_2","Chapter"
"Using Classification Methods to Reinforce the Impact of Social Factors on Software Success","Computational Science and Its Applications – ICCSA 2016","","","","10.1007/978-3-319-42092-9_15","Eudisley AnjosJansepetrus BrasileiroDanielle SilvaMário Zenha-Rela","2016","http://link.springer.com/chapter/10.1007/978-3-319-42092-9_15","Chapter"
"Versionized process based on non-volatile random-access memory for fine-grained fault tolerance","Frontiers of Information Technology & Electronic Engineering","","19","2","10.1631/FITEE.1601477","Wen-zhe ZhangKai LuXiao-ping Wang","2018","http://link.springer.com/article/10.1631/FITEE.1601477","Article"
"Introducing Policy-Driven Governance and Service Level Failure Mitigation in Cloud Service Brokers: Challenges Ahead","Service-Oriented Computing – ICSOC 2013 Workshops","","","","10.1007/978-3-319-06859-6_16","Konstantinos BratanisDimitrios Kourtesis","2014","http://link.springer.com/chapter/10.1007/978-3-319-06859-6_16","Chapter"
"Overview of Agile Software Development","Agile Software Development","","","","10.1007/978-3-540-70832-2_3","Dr. Thomas StoberUwe Hansmann","2010","http://link.springer.com/chapter/10.1007/978-3-540-70832-2_3","Chapter"
"Information Systems Management","Information Systems Development","","","","10.1007/978-1-349-14931-5_32","Paul Beynon-Davies","1998","http://link.springer.com/chapter/10.1007/978-1-349-14931-5_32","Chapter"
"Distributed Applications and Interoperable Systems","Lecture Notes in Computer Science","","","","10.1007/978-3-030-78198-9","Miguel MatosFabíola Greve","2021","http://link.springer.com/book/10.1007/978-3-030-78198-9","Book"
"Student and expert modelling for simulation-based training: A cost effective framework","Intelligent Tutoring Systems","","","","10.1007/3-540-61327-7_161","Kalina YacefLeila Alem","1996","http://link.springer.com/chapter/10.1007/3-540-61327-7_161","Chapter"
"An Exploratory Study of Risk Factors for Implementing Service-Oriented IS Projects","Designing E-Business Systems. Markets, Services, and Networks","","","","10.1007/978-3-642-01256-3_8","Hsin-Lu ChangChia-Pei Lue","2009","http://link.springer.com/chapter/10.1007/978-3-642-01256-3_8","Chapter"
"Safety Case Development - a Practical Guide","Developments in Risk-based Approaches to Safety","","","","10.1007/1-84628-447-3_6","Derek FowlerDr Bernd Tiemeyer","2006","http://link.springer.com/chapter/10.1007/1-84628-447-3_6","Chapter"
"Quality-related locally weighted soft sensing for non-stationary processes by a supervised Bayesian network with latent variables","Frontiers of Information Technology & Electronic Engineering","","22","9","10.1631/FITEE.2000426","Yuxue Xu 徐玉雪Yun Wang 王云Tianhong Yan 严天宏Yuchen He 何雨辰Jun Wang 王君De Gu 顾德Haiping Du 杜海平Weihua Li 李卫华","2021","http://link.springer.com/article/10.1631/FITEE.2000426","Article"
"Internet Computing","","","","","10.1007/978-3-030-34957-8","Prof. Dr. Ali Sunyaev","2020","http://link.springer.com/book/10.1007/978-3-030-34957-8","Book"
"Traffic Management for Cloud Federation","Autonomous Control for a Reliable Internet of Services","","","","10.1007/978-3-319-90415-3_11","Wojciech BurakowskiAndrzej BebenHans van den BergJoost W. BosmanGerhard HasslingerAttila KerteszSteven LatreRob van der MeiTamas PflanznerPatrick Gwydion PoullieMaciej SosnowskiBart SpinnewynBurkhard Stiller","2018","http://link.springer.com/chapter/10.1007/978-3-319-90415-3_11","Chapter"
"A Survey on Spot Pricing in Cloud Computing","Journal of Network and Systems Management","","26","4","10.1007/s10922-017-9444-x","Dinesh KumarGaurav BaranwalZahid RazaDeo Prakash Vidyarthi","2018","http://link.springer.com/article/10.1007/s10922-017-9444-x","Article"
"Galileo: A Simulation Tool for Leo Satellite Constellations","Modeling and Simulation Environment for Satellite and Terrestrial Communications Networks","","","","10.1007/978-1-4615-0863-2_11","Laurent FranckFrancesco Potortì","2002","http://link.springer.com/chapter/10.1007/978-1-4615-0863-2_11","Chapter"
"Errors and error recovery","Human error and system design and management","","","","10.1007/BFb0110452","Tjerk W. van der SchaafL. Kanse","2000","http://link.springer.com/chapter/10.1007/BFb0110452","Chapter"
"The Future(s) of Social Machines: The Research Agenda","The Theory and Practice of Social Machines","","","","10.1007/978-3-030-10889-2_5","Nigel ShadboltKieron O’HaraDavid De RoureWendy Hall","2019","http://link.springer.com/chapter/10.1007/978-3-030-10889-2_5","Chapter"
"Particle filtering-based methods for time to failure estimation with a real-world prognostic application","Applied Intelligence","","48","8","10.1007/s10489-017-1083-0","Chunsheng YangQingfeng LouJie LiuYubin YangQiangqiang Cheng","2018","http://link.springer.com/article/10.1007/s10489-017-1083-0","Article"
"Dependability as Ordinary Action","Computer Safety, Reliability and Security","","","","10.1007/3-540-45732-1_5","Alexander VoßRoger SlackRob ProcterRobin WilliamsMark HartswoodMark Rouncefield","2002","http://link.springer.com/chapter/10.1007/3-540-45732-1_5","Chapter"
"Security and Governance","Cloud Standards","","","","10.1007/978-1-4302-4111-9_4","Marvin Waschke","2012","http://link.springer.com/chapter/10.1007/978-1-4302-4111-9_4","Chapter"
"A Reference Architecture for IoT-Enabled Dynamic Planning in Smart Logistics","Advanced Information Systems Engineering","","","","10.1007/978-3-030-79382-1_33","Martijn KootMaria-Eugenia IacobMartijn R. K. Mes","2021","http://link.springer.com/chapter/10.1007/978-3-030-79382-1_33","Chapter"
"Smart Car Space: An Application","SmartShadow: Models and Methods for Pervasive Computing","","","","10.1007/978-3-642-36382-5_6","Zhaohui WuGang Pan","2013","http://link.springer.com/chapter/10.1007/978-3-642-36382-5_6","Chapter"
"A Taxonomy of Side Channel Attacks on Critical Infrastructures and Relevant Systems","Critical Infrastructure Security and Resilience","","","","10.1007/978-3-030-00024-0_15","Nick TsalisEfstratios VasilellisDespina MentzeliotiTheodore Apostolopoulos","2019","http://link.springer.com/chapter/10.1007/978-3-030-00024-0_15","Chapter"
"Threat Poker: Gamification of Secure Agile","Information Security Education. Information Security in Action","","","","10.1007/978-3-030-59291-2_10","Audun JøsangViktoria StrayHanne Rygge","2020","http://link.springer.com/chapter/10.1007/978-3-030-59291-2_10","Chapter"
"Assessment of Agile Maturity Models: A Multiple Case Study","Software Process Improvement and Capability Determination","","","","10.1007/978-3-642-38833-0_12","Ozden Ozcan-TopOnur Demirörs","2013","http://link.springer.com/chapter/10.1007/978-3-642-38833-0_12","Chapter"
"Relation Between Abductive and Inductive Types of Nursing Risk Management","New Frontiers in Artificial Intelligence","","","","10.1007/978-3-540-69902-6_33","Akinori AbeHiromi Itoh OzakuNoriaki KuwaharaKiyoshi Kogure","2007","http://link.springer.com/chapter/10.1007/978-3-540-69902-6_33","Chapter"
"Architecture for Digital Spare-Parts Library: Use of Additive Layer Manufacturing in the Petroleum Industry","Advances in Production Management Systems. Production Management for the Factory of the Future","","","","10.1007/978-3-030-30000-5_66","R. M. Chandima RatnayakeArvind KeprateRoman Wdowik","2019","http://link.springer.com/chapter/10.1007/978-3-030-30000-5_66","Chapter"
"Understanding and Supporting Dependability as Ordinary Action","Trust in Technology: A Socio-Technical Perspective","","","","10.1007/1-4020-4258-2_9","Alexander VoßRob ProcterRoger SlackMark HartswoodMark Rouncefield","2006","http://link.springer.com/chapter/10.1007/1-4020-4258-2_9","Chapter"
"Introduction to Scrum and Agile Concepts","Agile Project Management using Team Foundation Server 2015","","","","10.1007/978-1-4842-1870-9_3","Joachim Rossberg","2016","http://link.springer.com/chapter/10.1007/978-1-4842-1870-9_3","Chapter"
"Development Processes and Frameworks","Beginning Application Lifecycle Management","","","","10.1007/978-1-4302-5813-1_3","Joachim Rossberg","2014","http://link.springer.com/chapter/10.1007/978-1-4302-5813-1_3","Chapter"
"Aliasing in Object Oriented Systems","Object-Oriented Technology ECOOP’99 Workshop Reader","","","","10.1007/3-540-46589-8_8","James NobleJan VitekDoug LeaPaulo Sergio Almeida","1999","http://link.springer.com/chapter/10.1007/3-540-46589-8_8","Chapter"
"Techniques for Supporting Dynamic and Adaptive Workflow","Computer Supported Cooperative Work (CSCW)","","9","3 - 4","10.1023/A:1008747109146","Peter J. KammerGregory Alan BolcerRichard N. TaylorArthur S. HitomiMark Bergman","2000","http://link.springer.com/article/10.1023/A%3A1008747109146","Article"
"The Artificial Immune Ecosystem: A Bio-Inspired Meta-Algorithm for Boosting Time Series Anomaly Detection with Expert Input","Applications of Evolutionary Computation","","","","10.1007/978-3-319-55849-3_37","Fabio GuigouPierre ColletPierre Parrend","2017","http://link.springer.com/chapter/10.1007/978-3-319-55849-3_37","Chapter"
"Functional High Performance Financial IT","Trends in Functional Programming","","","","10.1007/978-3-642-32037-8_7","Jost BertholdAndrzej FilinskiFritz HengleinKen Friis LarsenMogens SteffensenBrian Vinter","2012","http://link.springer.com/chapter/10.1007/978-3-642-32037-8_7","Chapter"
"Introduction to Scrum and Agile Concepts","Agile Project Management with Azure DevOps","","","","10.1007/978-1-4842-4483-8_3","Joachim Rossberg","2019","http://link.springer.com/chapter/10.1007/978-1-4842-4483-8_3","Chapter"
"PROTECTING THE TRANSPORTATION SECTOR FROM THE NEGATIVE IMPACTS OF CLIMATE CHANGE","Critical Infrastructure Protection XI","","","","10.1007/978-3-319-70395-4_1","Georgia LykouGeorge StergiopoulosAntonios PapachrysanthouDimitris Gritzalis","2017","http://link.springer.com/chapter/10.1007/978-3-319-70395-4_1","Chapter"
"A Study of the Subject-Oriented Approach for Automation and Process Modeling of a Service Company","Subject-Oriented Business Process Management","","","","10.1007/978-3-642-23135-3_11","Yuliya StavenkoAlexander Gromoff","2011","http://link.springer.com/chapter/10.1007/978-3-642-23135-3_11","Chapter"
"E","The Information Security Dictionary","","","","10.1007/1-4020-7927-3_5","","2004","http://link.springer.com/chapter/10.1007/1-4020-7927-3_5","Chapter"
"Ideological Foundation","Foundations of Enterprise Governance and Enterprise Engineering","","","","10.1007/978-3-319-72107-1_4","Jan A. P. Hoogervorst","2017","http://link.springer.com/chapter/10.1007/978-3-319-72107-1_4","Chapter"
"Value-Based Argumentation for Justifying Compliance","Deontic Logic in Computer Science","","","","10.1007/978-3-642-14183-6_16","Brigitte BurgemeestreJoris HulstijnYao-Hua Tan","2010","http://link.springer.com/chapter/10.1007/978-3-642-14183-6_16","Chapter"
"Discovering Patterns for Prognostics: A Case Study in Prognostics of Train Wheels","Modern Approaches in Applied Intelligence","","","","10.1007/978-3-642-21822-4_18","Chunsheng YangSylvain Létourneau","2011","http://link.springer.com/chapter/10.1007/978-3-642-21822-4_18","Chapter"
"Proactive Byzantine Quorum Systems","On the Move to Meaningful Internet Systems: OTM 2009","","","","10.1007/978-3-642-05148-7_50","Eduardo A. P. AlchieriAlysson Neves BessaniFernando Carlos PereiraJoni da Silva Fraga","2009","http://link.springer.com/chapter/10.1007/978-3-642-05148-7_50","Chapter"
"A Framework for Design Tradeoffs","Software Quality Journal","","13","4","10.1007/s11219-005-4252-z","Anneliese AndrewsEd ManceboPer RunesonRobert France","2005","http://link.springer.com/article/10.1007/s11219-005-4252-z","Article"
"Personalised Information Retrieval: survey and classification","User Modeling and User-Adapted Interaction","","23","4","10.1007/s11257-012-9124-1","M. Rami GhorabDong ZhouAlexander O’ConnorVincent Wade","2013","http://link.springer.com/article/10.1007/s11257-012-9124-1","Article"
"Multi-robot collaboration for robust exploration","Annals of Mathematics and Artificial Intelligence","","31","1 - 4","10.1023/A:1016636024246","Ioannis RekleitisGregory DudekEvangelos Milios","2001","http://link.springer.com/article/10.1023/A%3A1016636024246","Article"
"The Framework of Intelligent Vehicles","Autonomous Intelligent Vehicles","","","","10.1007/978-1-4471-2280-7_3","Prof. Hong Cheng","2011","http://link.springer.com/chapter/10.1007/978-1-4471-2280-7_3","Chapter"
"ML-Supported Identification and Prioritization of Threats in the OVVL Threat Modelling Tool","Data and Applications Security and Privacy XXXIV","","","","10.1007/978-3-030-49669-2_16","Andreas SchaadDominik Binder","2020","http://link.springer.com/chapter/10.1007/978-3-030-49669-2_16","Chapter"
"Lean Management Effects - An Empirical Evidence from Machine Building Industries in Europe","Advances in Production Management Systems: Innovative Production Management Towards Sustainable Growth","","","","10.1007/978-3-319-22759-7_35","Andreas MuellerStanisław Strzelczak","2015","http://link.springer.com/chapter/10.1007/978-3-319-22759-7_35","Chapter"
"Design for Business Innovation: Linking the Value Chains of Logistics Service and Cargo Insurance Companies by Designing a Collaborative Service Infrastructure","Global Perspectives on Design Science Research","","","","10.1007/978-3-642-13335-0_32","Alexander C. H. SkornaChristoph BodeOliver BaeckerJan vom BrockeElgar Fleisch","2010","http://link.springer.com/chapter/10.1007/978-3-642-13335-0_32","Chapter"
"An Approach to Assess Risks Related to Information System in Supply Chain","Advances in Production Management Systems. Artificial Intelligence for Sustainable and Resilient Production Systems","","","","10.1007/978-3-030-85914-5_46","Selmen BoubakerSamuel DumondelleParisa Dolatineghabadi","2021","http://link.springer.com/chapter/10.1007/978-3-030-85914-5_46","Chapter"
"Development of a Procedure Model for Business Process Oriented Implementation of Standard Software","Business Process Oriented Implementation of Standard Software","","","","10.1007/978-3-642-58428-2_2","Dr. Mathias Kirchmer","1999","http://link.springer.com/chapter/10.1007/978-3-642-58428-2_2","Chapter"
"Success factors for serious games to enhance learning: a systematic review","Virtual Reality","","21","1","10.1007/s10055-016-0298-4","Werner Siegfried RavyseA. Seugnet BlignautVerona LeendertzAlex Woolner","2017","http://link.springer.com/article/10.1007/s10055-016-0298-4","Article"
"Things that help out: designing smart wearables as partners in stress management","AI & SOCIETY","","36","1","10.1007/s00146-020-01003-0","Xueliang (Sean) LiMarco C. RozendaalKaspar JansenCatholijn JonkerEric Vermetten","2021","http://link.springer.com/article/10.1007/s00146-020-01003-0","Article"
"Multi-level transaction management for complex objects: Implementation, performance, parallelism","The VLDB Journal","","2","4","10.1007/BF01263047","Gerhard Weikum Dr.-Ing.Christof Hasse Dipl.-Inform.","1993","http://link.springer.com/article/10.1007/BF01263047","Article"
"Privileged Account Management Implementation","Privileged Attack Vectors","","","","10.1007/978-1-4842-5914-6_25","Morey J. Haber","2020","http://link.springer.com/chapter/10.1007/978-1-4842-5914-6_25","Chapter"
"Modeling a Logistics Pooling Strategy for Agri-Food SMEs","Collaborative Systems for Reindustrialization","","","","10.1007/978-3-642-40543-3_65","Abdelhamid MoutaoukilRidha DerrouicheGilles Neubert","2013","http://link.springer.com/chapter/10.1007/978-3-642-40543-3_65","Chapter"
"Implications of Emerging Data Mining","Social Semantic Web","","","","10.1007/978-3-540-72216-8_23","Narayanan KulathuramaiyerHermann Maurer","2009","http://link.springer.com/chapter/10.1007/978-3-540-72216-8_23","Chapter"
"Review and insight on the behavioral aspects of cybersecurity","Cybersecurity","","3","1","10.1186/s42400-020-00050-w","Rachid Ait Maalem LahcenBruce CaulkinsRam MohapatraManish Kumar","2020","http://link.springer.com/article/10.1186/s42400-020-00050-w","Article"
"Testing in the Cloud: Strategies, Risks and Benefits","Software Engineering Frameworks for the Cloud Computing Paradigm","","","","10.1007/978-1-4471-5031-2_8","Olumide AkereleMuthu RamachandranMark Dixon","2013","http://link.springer.com/chapter/10.1007/978-1-4471-5031-2_8","Chapter"
"Technical Research Priorities for Big Data","The Elements of Big Data Value","","","","10.1007/978-3-030-68176-0_5","Edward CurrySonja ZillnerAndreas MetzgerArne J. BerreSören AuerRay WalsheMarija DespenicMilan PetkovicDumitru RomanWalter WaterfeldRobert SeidlSouleiman HasanUmair ul HassanAdegboyega Ojo","2021","http://link.springer.com/chapter/10.1007/978-3-030-68176-0_5","Chapter"
"A Comprehensive Comparison of GPU Implementations of Cardiac Electrophysiology Models","From Reactive Systems to Cyber-Physical Systems","","","","10.1007/978-3-030-31514-6_2","Abouzar KaboudianHector Augusto Velasco-PerezShahriar IravanianYohannes ShiferawElizabeth M. CherryFlavio H. Fenton","2019","http://link.springer.com/chapter/10.1007/978-3-030-31514-6_2","Chapter"
"Architectural Prototyping in Industrial Practice","Software Architecture","","","","10.1007/978-3-540-88030-1_15","Henrik Bærbak ChristensenKlaus Marius Hansen","2008","http://link.springer.com/chapter/10.1007/978-3-540-88030-1_15","Chapter"
"“Make It Personal!” - Gathering Input from Stakeholders for a Learning Analytics-Supported Learning Design Tool","Lifelong Technology-Enhanced Learning","","","","10.1007/978-3-319-98572-5_23","Marcel SchmitzMaren ScheffelEvelien van LimbeekRoger BemelmansHendrik Drachsler","2018","http://link.springer.com/chapter/10.1007/978-3-319-98572-5_23","Chapter"
"Integration of Social Concerns in Collaborative Logistics and Transportation Networks","Collaborative Systems for Smart Networked Environments","","","","10.1007/978-3-662-44745-1_72","Ridha DerrouicheAbdelhamid MoutaoukilGilles Neubert","2014","http://link.springer.com/chapter/10.1007/978-3-662-44745-1_72","Chapter"
"Framework for extreme imbalance classification: SWIM—sampling with the majority class","Knowledge and Information Systems","","62","3","10.1007/s10115-019-01380-z","Colin BellingerShiven SharmaNathalie JapkowiczOsmar R. Zaïane","2020","http://link.springer.com/article/10.1007/s10115-019-01380-z","Article"
"Software Issues: Risks and Liabilities","Ethical and Social Issues in the Information Age","","","","10.1007/978-3-319-70712-9_8","Joseph Migga Kizza","2017","http://link.springer.com/chapter/10.1007/978-3-319-70712-9_8","Chapter"
"Software Issues: Risks and Liabilities","Ethical and Social Issues in the Information Age","","","","10.1007/978-1-4471-4990-3_8","Joseph Migga Kizza","2013","http://link.springer.com/chapter/10.1007/978-1-4471-4990-3_8","Chapter"
"Software Issues: Risks and Liabilities","Ethical and Secure Computing","","","","10.1007/978-3-030-03937-0_7","Joseph Migga Kizza","2019","http://link.springer.com/chapter/10.1007/978-3-030-03937-0_7","Chapter"
"Software Issues: Risks and Liabilities","Ethics in Computing","","","","10.1007/978-3-319-29106-2_7","Joseph Migga Kizza","2016","http://link.springer.com/chapter/10.1007/978-3-319-29106-2_7","Chapter"
"White-Box Cryptography: Don’t Forget About Grey-Box Attacks","Journal of Cryptology","","32","4","10.1007/s00145-019-09315-1","Estuardo Alpirez BockJoppe W. BosChris BrzuskaCharles HubainWil MichielsCristofaro MuneEloi Sanfelix GonzalezPhilippe TeuwenAlexander Treff","2019","http://link.springer.com/article/10.1007/s00145-019-09315-1","Article"
"Toward an understanding of bug fix patterns","Empirical Software Engineering","","14","3","10.1007/s10664-008-9077-5","Kai PanSunghun KimE. James Whitehead Jr.","2009","http://link.springer.com/article/10.1007/s10664-008-9077-5","Article"
"Fault-aware grid scheduling using performance prediction by workload modeling","The Journal of Supercomputing","","46","1","10.1007/s11227-008-0183-3","Mohammad KalantariMohammad Kazem Akbari","2008","http://link.springer.com/article/10.1007/s11227-008-0183-3","Article"
"Strategy","Information Systems Management in the Big Data Era","","","","10.1007/978-3-319-13503-8_2","Peter LakeRobert Drake","2014","http://link.springer.com/chapter/10.1007/978-3-319-13503-8_2","Chapter"
"Digital Society: A Computing Science Prospective","Distributed Computing and Internet Technology","","","","10.1007/978-3-030-05366-6_5","Hrushikesha Mohanty","2019","http://link.springer.com/chapter/10.1007/978-3-030-05366-6_5","Chapter"
"Flux-Based vs. Topology-Based Similarity of Metabolic Genes","Algorithms in Bioinformatics","","","","10.1007/11851561_26","Oleg RokhlenkoTomer ShlomiRoded SharanEytan RuppinRon Y. Pinter","2006","http://link.springer.com/chapter/10.1007/11851561_26","Chapter"
"Does Being Motivated to Avoid Procedural Errors Influence Their Systematicity?","People and Computers XX — Engage","","","","10.1007/978-1-84628-664-3_12","Jonathan BackWai Lok ChengRob DannPaul CurzonAnn Blandford","2007","http://link.springer.com/chapter/10.1007/978-1-84628-664-3_12","Chapter"
"Software Issues: Risks and Liabilities","Ethical And Social Issues In The Information Age","","","","10.1007/978-0-387-22466-4_8","","2003","http://link.springer.com/chapter/10.1007/978-0-387-22466-4_8","Chapter"
"Security Provisioning in Pervasive Environments Using Multi-objective Optimization","Computer Security - ESORICS 2008","","","","10.1007/978-3-540-88313-5_23","Rinku DewriIndrakshi RayIndrajit RayDarrell Whitley","2008","http://link.springer.com/chapter/10.1007/978-3-540-88313-5_23","Chapter"
"Models of Distributed Secure Computing","Distributed Systems for System Architects","","","","10.1007/978-1-4615-1663-7_18","Paulo VeríssimoLuís Rodrigues","2001","http://link.springer.com/chapter/10.1007/978-1-4615-1663-7_18","Chapter"
"Software Issues: Risks And Liabilities","Ethical and Social Issues in the Information Age","","","","10.1007/978-1-84628-659-9_8","","2007","http://link.springer.com/chapter/10.1007/978-1-84628-659-9_8","Chapter"
"Critical Information Infrastructure","Critical Information Infrastructures","","","","10.1007/978-0-387-71862-0_5","","2007","http://link.springer.com/chapter/10.1007/978-0-387-71862-0_5","Chapter"
"Modelling the User","The Handbook of Formal Methods in Human-Computer Interaction","","","","10.1007/978-3-319-51838-1_8","Paul CurzonRimvydas Rukšėnas","2017","http://link.springer.com/chapter/10.1007/978-3-319-51838-1_8","Chapter"
"How Does Scrum Conform to the Regulatory Requirements Defined in MDevSPICE®?","Software Process Improvement and Capability Determination","","","","10.1007/978-3-319-67383-7_19","Özden Özcan-TopFergal McCaffery","2017","http://link.springer.com/chapter/10.1007/978-3-319-67383-7_19","Chapter"
"System Development and Integration Methodology","Modeling and Analysis of Enterprise and Information Systems","","","","10.1007/978-3-540-89556-5_3","Associate Prof. Dr. Qing LiProf. Yu-Liu Chen","2009","http://link.springer.com/chapter/10.1007/978-3-540-89556-5_3","Chapter"
"Designing a Brand Risk Management Process","Countering Brandjacking in the Digital Age","","","","10.1007/978-1-4471-5580-5_4","Christopher HofmanSimeon Keates","2013","http://link.springer.com/chapter/10.1007/978-1-4471-5580-5_4","Chapter"
"User Trust and Understanding of Explainable AI: Exploring Algorithm Visualisations and User Biases","Human-Computer Interaction. Human Values and Quality of Life","","","","10.1007/978-3-030-49065-2_27","Dawn Branley-BellRebecca WhitworthLynne Coventry","2020","http://link.springer.com/chapter/10.1007/978-3-030-49065-2_27","Chapter"